순위,상품번호,구분,도서명,저자,출판사,출간일,할인율,판매가,정가,포인트,판매지수,평점,배송정보,출간연도,출간월,평점_수치,종이책_리뷰_수,eBook_리뷰_수,종이책_한줄평_수,eBook_한줄평_수,총_리뷰_수
1,192124118,도서,니체와 함께 지적 대화를,양원근 저,리미트리스,2026년 06월,10,16920,18800.0,940,24480,,,2026,6,,0.0,0.0,0.0,0.0,0.0
2,189118620,도서,만화로 보는 5분 한국사,유요 글/미정 그림/신병주 감수,빅피시,2026년 06월,10,16920,18800.0,940,65904,리뷰 총점9.9 정보 더 보기/감추기 종이책 리뷰 (4건) eBook 리뷰 (0건) 종이책 한줄평 (14건) eBook 한줄평 (0건),,2026,6,9.9,4.0,0.0,14.0,0.0,18.0
3,192496676,도서,매스커레이드 라이프,히가시노 게이고 저/김은모 역,현대문학,2026년 07월,10,18000,20000.0,1000,12420,,,2026,7,,0.0,0.0,0.0,0.0,0.0
4,183809488,도서,내면 근력,짐 머피 저/지여울 역,윌북(willbook),2026년 04월,10,19800,22000.0,1100,222543,리뷰 총점9.6 정보 더 보기/감추기 종이책 리뷰 (43건) eBook 리뷰 (4건) 종이책 한줄평 (35건) eBook 한줄평 (18건),,2026,4,9.6,43.0,4.0,35.0,18.0,100.0
5,167466420,도서,"2026 큰별쌤 최태성의 별별한국사 한국사능력검정시험 심화(1,2,3급) 상",최태성 저,이투스북,2025년 12월,10,17100,19000.0,950,454395,리뷰 총점9.8 정보 더 보기/감추기 종이책 리뷰 (47건) eBook 리뷰 (0건) 종이책 한줄평 (57건) eBook 한줄평 (0건),,2025,12,9.8,47.0,0.0,57.0,0.0,104.0
6,192498321,도서,추추의 집밥 클래스,추재현 저,용감한까치,2026년 06월,10,19980,22200.0,1110,12660,,,2026,6,,0.0,0.0,0.0,0.0,0.0
7,191191423,도서,작고 소중한 내 돈도 불리고 싶어 주식을 시작합니다,손희애 저,크레딧,2026년 06월,10,19800,22000.0,1100,6648,,,2026,6,,0.0,0.0,0.0,0.0,0.0
8,190357981,도서,책 먹는 여우 25주년 특별 기념판,프란치스카 비어만 글그림/김경연 역,주니어김영사,2026년 06월,10,11700,13000.0,650,6159,리뷰 총점10.0 정보 더 보기/감추기 종이책 리뷰 (5건) eBook 리뷰 (0건) 종이책 한줄평 (0건) eBook 한줄평 (0건),,2026,6,10.0,5.0,0.0,0.0,0.0,5.0
9,167466432,도서,"2026 큰별쌤 최태성의 별별한국사 한국사능력검정시험 심화(1,2,3급) 하",최태성 저,이투스북,2025년 12월,10,16650,18500.0,920,411672,리뷰 총점9.9 정보 더 보기/감추기 종이책 리뷰 (35건) eBook 리뷰 (0건) 종이책 한줄평 (37건) eBook 한줄평 (0건),,2025,12,9.9,35.0,0.0,37.0,0.0,72.0
10,190811719,도서,부의 갈림길,오건영 저,포레스트북스,2026년 06월,10,24300,27000.0,1350,109692,리뷰 총점9.9 정보 더 보기/감추기 종이책 리뷰 (27건) eBook 리뷰 (0건) 종이책 한줄평 (9건) eBook 한줄평 (0건),,2026,6,9.9,27.0,0.0,9.0,0.0,36.0
11,189116661,도서,품격 있는 대화를 위한 지식 브리핑,김진 저,북플레저,2026년 04월,10,22500,25000.0,1250,251994,리뷰 총점8.0 정보 더 보기/감추기 종이책 리뷰 (18건) eBook 리뷰 (0건) 종이책 한줄평 (43건) eBook 한줄평 (0건),,2026,4,8.0,18.0,0.0,43.0,0.0,61.0
12,190813759,도서,나의 첫 번째 부동산 교과서,송희구 저,서삼독,2026년 06월,10,20700,23000.0,1150,176178,리뷰 총점9.4 정보 더 보기/감추기 종이책 리뷰 (7건) eBook 리뷰 (0건) 종이책 한줄평 (13건) eBook 한줄평 (0건),,2026,6,9.4,7.0,0.0,13.0,0.0,20.0
13,101375755,도서,프로젝트 헤일메리,앤디 위어 저/강동혁 역,알에이치코리아(RHK),2026년 02월,10,19800,22000.0,1100,549915,리뷰 총점9.7 정보 더 보기/감추기 종이책 리뷰 (321건) eBook 리뷰 (86건) 종이책 한줄평 (470건) eBook 한줄평 (394건),,2026,2,9.7,321.0,86.0,470.0,394.0,1271.0
14,168776448,도서,ETS 토익 정기시험 기출문제집 1000 Vol. 5 RC,ETS 저,YBM(와이비엠),2025년 12월,10,19800,22000.0,1100,280833,리뷰 총점9.8 정보 더 보기/감추기 종이책 리뷰 (47건) eBook 리뷰 (0건) 종이책 한줄평 (62건) eBook 한줄평 (0건),,2025,12,9.8,47.0,0.0,62.0,0.0,109.0
15,2312211,도서,코스모스,칼 에드워드 세이건 저/홍승수 역,사이언스북스,2006년 12월,10,19800,22000.0,1100,273360,"리뷰 총점9.6 정보 더 보기/감추기 종이책 리뷰 (633건) eBook 리뷰 (88건) 종이책 한줄평 (1,336건) eBook 한줄평 (220건)",,2006,12,9.6,633.0,88.0,1336.0,220.0,2277.0
16,161401496,도서,니체의 초월자,프리드리히 니체 저/김철 편역,히읏,2025년 10월,10,15210,16900.0,840,286203,리뷰 총점9.7 정보 더 보기/감추기 종이책 리뷰 (43건) eBook 리뷰 (0건) 종이책 한줄평 (39건) eBook 한줄평 (13건),,2025,10,9.7,43.0,0.0,39.0,13.0,95.0
17,168776455,도서,ETS 토익 정기시험 기출문제집 1000 Vol. 5 LC,ETS 저,YBM(와이비엠),2025년 12월,10,19800,22000.0,1100,263298,리뷰 총점9.9 정보 더 보기/감추기 종이책 리뷰 (44건) eBook 리뷰 (0건) 종이책 한줄평 (64건) eBook 한줄평 (0건),,2025,12,9.9,44.0,0.0,64.0,0.0,108.0
18,191888833,도서,멜로우 TV 수학 퍼즐 매직 팡 1 (멜로우TV 친필 사인본),멜로우 TV 원저/김언정 글/김덕영 그림/박종일 감수/정경훈 기획,주니어김영사,2026년 06월,10,15120,16800.0,840,6390,리뷰 총점9.8 정보 더 보기/감추기 종이책 리뷰 (0건) eBook 리뷰 (0건) 종이책 한줄평 (9건) eBook 한줄평 (0건),,2026,6,9.8,0.0,0.0,9.0,0.0,9.0
19,147560984,도서,안녕이라 그랬어 (집 에디션),김애란 저,문학동네,2025년 06월,10,15120,16800.0,840,519399,리뷰 총점9.6 정보 더 보기/감추기 종이책 리뷰 (225건) eBook 리뷰 (17건) 종이책 한줄평 (269건) eBook 한줄평 (34건),,2025,6,9.6,225.0,17.0,269.0,34.0,545.0
20,191607128,도서,불안의 책,페르난두 페소아 저/오진영 역,문학동네,2026년 07월,10,16200,18000.0,900,6330,,,2026,7,,0.0,0.0,0.0,0.0,0.0
21,186676818,도서,사춘기 엄마의 오장육부,나민애 저,서교책방,2026년 04월,10,16020,17800.0,890,209514,리뷰 총점9.9 정보 더 보기/감추기 종이책 리뷰 (78건) eBook 리뷰 (0건) 종이책 한줄평 (25건) eBook 한줄평 (0건),,2026,4,9.9,78.0,0.0,25.0,0.0,103.0
22,192274286,도서,신 퇴마록 신세편 1,이우혁 저,반타,2026년 06월,10,19800,22000.0,1100,48420,리뷰 총점8.4 정보 더 보기/감추기 종이책 리뷰 (3건) eBook 리뷰 (0건) 종이책 한줄평 (1건) eBook 한줄평 (1건),,2026,6,8.4,3.0,0.0,1.0,1.0,5.0
23,168393009,도서,"2026 큰별쌤 최태성의 별별한국사 기출 500제 한국사능력검정시험 심화(1,2,3급)",최태성 저,이투스북,2025년 12월,10,19800,22000.0,1100,301575,리뷰 총점9.9 정보 더 보기/감추기 종이책 리뷰 (46건) eBook 리뷰 (0건) 종이책 한줄평 (50건) eBook 한줄평 (0건),,2025,12,9.9,46.0,0.0,50.0,0.0,96.0
24,257435,도서,싯다르타,헤르만 헤세 저/박병덕 역,민음사,2002년 01월,10,7200,8000.0,400,265089,리뷰 총점9.5 정보 더 보기/감추기 종이책 리뷰 (308건) eBook 리뷰 (32건) 종이책 한줄평 (346건) eBook 한줄평 (84건),,2002,1,9.5,308.0,32.0,346.0,84.0,770.0
25,190399063,도서,다시 만난 세계,김희교 저,푸른숲,2026년 06월,10,18900,21000.0,1050,48954,리뷰 총점6.3 정보 더 보기/감추기 종이책 리뷰 (2건) eBook 리뷰 (0건) 종이책 한줄평 (6건) eBook 한줄평 (0건),,2026,6,6.3,2.0,0.0,6.0,0.0,8.0
26,192161899,도서,멋진 신세계 대본집 세트 (북케이스 에디션 세트),강현주 저,김영사,2026년 08월,10,54000,60000.0,3000,51510,,,2026,8,,0.0,0.0,0.0,0.0,0.0
27,192274297,도서,신 퇴마록 신세편 2,이우혁 저,반타,2026년 06월,10,19800,22000.0,1100,43140,리뷰 총점4.0 정보 더 보기/감추기 종이책 리뷰 (0건) eBook 리뷰 (0건) 종이책 한줄평 (0건) eBook 한줄평 (1건),,2026,6,4.0,0.0,0.0,0.0,1.0,1.0
28,192028900,도서,인비인,성해나 저,한겨레출판,2026년 06월,10,16200,18000.0,900,31953,리뷰 총점10.0 정보 더 보기/감추기 종이책 리뷰 (39건) eBook 리뷰 (0건) 종이책 한줄평 (2건) eBook 한줄평 (0건),,2026,6,10.0,39.0,0.0,2.0,0.0,41.0
29,192274404,도서,신 퇴마록 신세편 3,이우혁 저,반타,2026년 06월,10,19800,22000.0,1100,42780,리뷰 총점6.0 정보 더 보기/감추기 종이책 리뷰 (0건) eBook 리뷰 (0건) 종이책 한줄평 (0건) eBook 한줄평 (1건),,2026,6,6.0,0.0,0.0,0.0,1.0,1.0
30,192555379,도서,독서의 기술,고명환 저,라곰,2026년 07월,10,17820,19800.0,990,4920,리뷰 총점10.0 정보 더 보기/감추기 종이책 리뷰 (8건) eBook 리뷰 (0건) 종이책 한줄평 (1건) eBook 한줄평 (0건),,2026,7,10.0,8.0,0.0,1.0,0.0,9.0
31,67362730,도서,해커스 토익 기출 VOCA (보카),David Cho 저,해커스어학연구소,2024년 08월,10,11610,12900.0,640,296004,리뷰 총점9.6 정보 더 보기/감추기 종이책 리뷰 (420건) eBook 리뷰 (0건) 종이책 한줄평 (809건) eBook 한줄평 (0건),,2024,8,9.6,420.0,0.0,809.0,0.0,1229.0
32,192110011,만화,원피스 ONE PIECE 114,오다 에이이치로 글그림,대원,2026년 06월,10,5850,6500.0,320,64008,,,2026,6,,0.0,0.0,0.0,0.0,0.0
33,101875887,도서,라오어의 미국주식 무한매수법,라오어 저,알키,2021년 06월,10,14400,16000.0,800,90726,리뷰 총점9.0 정보 더 보기/감추기 종이책 리뷰 (60건) eBook 리뷰 (7건) 종이책 한줄평 (85건) eBook 한줄평 (54건),,2021,6,9.0,60.0,7.0,85.0,54.0,206.0
34,192274401,도서,집밥력,홀썸모먼트 저,세미콜론,2026년 06월,10,29250,32500.0,1620,15540,리뷰 총점10.0 정보 더 보기/감추기 종이책 리뷰 (1건) eBook 리뷰 (0건) 종이책 한줄평 (1건) eBook 한줄평 (0건),,2026,6,10.0,1.0,0.0,1.0,0.0,2.0
35,192491384,만화,원펀맨 ONE PUNCH MAN 35,ONE 원저/무라타 유스케 그림,대원,2026년 06월,10,5400,6000.0,300,13980,,,2026,6,,0.0,0.0,0.0,0.0,0.0
36,148032819,도서,박곰희 연금 부자 수업,박곰희 저,인플루엔셜,2025년 06월,10,18900,21000.0,1050,611865,리뷰 총점9.7 정보 더 보기/감추기 종이책 리뷰 (208건) eBook 리뷰 (12건) 종이책 한줄평 (236건) eBook 한줄평 (20건),,2025,6,9.7,208.0,12.0,236.0,20.0,476.0
37,188859332,도서,말하지 않고 말하기,김정운 저,21세기북스,2026년 05월,10,21600,24000.0,1200,119745,리뷰 총점9.7 정보 더 보기/감추기 종이책 리뷰 (42건) eBook 리뷰 (0건) 종이책 한줄평 (36건) eBook 한줄평 (0건),,2026,5,9.7,42.0,0.0,36.0,0.0,78.0
38,190998248,도서,말은 운명을 데려온다,이하영 저,토네이도,2026년 06월,10,17820,19800.0,990,32259,리뷰 총점9.9 정보 더 보기/감추기 종이책 리뷰 (18건) eBook 리뷰 (0건) 종이책 한줄평 (2건) eBook 한줄평 (1건),,2026,6,9.9,18.0,0.0,2.0,1.0,21.0
39,191018389,도서,이병한의 대한민국 탐문,이병한 저,서해문집,2026년 06월,10,16650,18500.0,920,91512,리뷰 총점8.7 정보 더 보기/감추기 종이책 리뷰 (1건) eBook 리뷰 (0건) 종이책 한줄평 (17건) eBook 한줄평 (0건),,2026,6,8.7,1.0,0.0,17.0,0.0,18.0
40,124999476,도서,불변의 법칙,모건 하우절 저/이수경 역,서삼독,2024년 02월,10,22500,25000.0,1250,88332,리뷰 총점9.5 정보 더 보기/감추기 종이책 리뷰 (256건) eBook 리뷰 (21건) 종이책 한줄평 (429건) eBook 한줄평 (73건),,2024,2,9.5,256.0,21.0,429.0,73.0,779.0
41,8759796,도서,모순,양귀자 저,쓰다,2013년 04월,10,11700,13000.0,650,449769,"리뷰 총점9.6 정보 더 보기/감추기 종이책 리뷰 (870건) eBook 리뷰 (0건) 종이책 한줄평 (1,200건) eBook 한줄평 (0건)",,2013,4,9.6,870.0,0.0,1200.0,0.0,2070.0
42,182009922,도서,이향인,라미 카민스키 저/최지숙 역,21세기북스,2026년 03월,10,15210,16900.0,840,100338,리뷰 총점9.7 정보 더 보기/감추기 종이책 리뷰 (40건) eBook 리뷰 (1건) 종이책 한줄평 (28건) eBook 한줄평 (2건),,2026,3,9.7,40.0,1.0,28.0,2.0,71.0
43,191550933,도서,시간의 감촉,은희경 저,문학동네,2026년 06월,10,16920,18800.0,940,21918,리뷰 총점10.0 정보 더 보기/감추기 종이책 리뷰 (1건) eBook 리뷰 (0건) 종이책 한줄평 (0건) eBook 한줄평 (0건),,2026,6,10.0,1.0,0.0,0.0,0.0,1.0
44,191838559,도서,아코디언,천명관 저,창비,2026년 06월,10,16200,18000.0,900,43317,리뷰 총점9.8 정보 더 보기/감추기 종이책 리뷰 (35건) eBook 리뷰 (0건) 종이책 한줄평 (7건) eBook 한줄평 (0건),,2026,6,9.8,35.0,0.0,7.0,0.0,42.0
45,112323962,도서,라오어의 미국주식 밸류 리밸런싱,라오어 저,알키,2022년 08월,10,16200,18000.0,900,72663,리뷰 총점8.6 정보 더 보기/감추기 종이책 리뷰 (36건) eBook 리뷰 (2건) 종이책 한줄평 (91건) eBook 한줄평 (11건),,2022,8,8.6,36.0,2.0,91.0,11.0,140.0
46,192468304,만화,향기로운 꽃은 늠름하게 핀다 21 특별판,미카미 사카 글그림,대원,2026년 06월,10,33300,37000.0,1850,33570,,,2026,6,,0.0,0.0,0.0,0.0,0.0
47,189245464,도서,최소한의 세계사,이다지 저,프런트페이지,2026년 05월,10,20700,23000.0,1150,100263,리뷰 총점9.9 정보 더 보기/감추기 종이책 리뷰 (23건) eBook 리뷰 (0건) 종이책 한줄평 (20건) eBook 한줄평 (0건),,2026,5,9.9,23.0,0.0,20.0,0.0,43.0
48,65067259,도서,이기적 유전자 The Selfish Gene,"리처드 도킨스 저/홍영남, 이상임 역",을유문화사,2018년 10월,10,18000,20000.0,1000,154770,리뷰 총점9.2 정보 더 보기/감추기 종이책 리뷰 (254건) eBook 리뷰 (33건) 종이책 한줄평 (565건) eBook 한줄평 (71건),,2018,10,9.2,254.0,33.0,565.0,71.0,923.0
49,177244852,도서,누구의 잘못일까? 1,곽영미 글/윤소진 그림,미래엔아이세움,2026년 02월,10,12600,14000.0,700,8844,리뷰 총점10.0 정보 더 보기/감추기 종이책 리뷰 (46건) eBook 리뷰 (0건) 종이책 한줄평 (0건) eBook 한줄평 (0건),,2026,2,10.0,46.0,0.0,0.0,0.0,46.0
50,167744276,도서,이지패스 2026 ADsP 데이터분석 준전문가,"박현민, 전용문 저",위키북스,2026년 01월,10,27000,30000.0,1500,110460,리뷰 총점9.9 정보 더 보기/감추기 종이책 리뷰 (139건) eBook 리뷰 (14건) 종이책 한줄평 (44건) eBook 한줄평 (1건),,2026,1,9.9,139.0,14.0,44.0,1.0,198.0
51,192557877,도서,오늘도 일하고 사랑하고 성장합니다,김경선 저,비전코리아,2026년 07월,10,14850,16500.0,820,9930,,,2026,7,,0.0,0.0,0.0,0.0,0.0
52,148193221,도서,ETS 토익 단기공략 750+ (LC+RC),ETS 저,YBM(와이비엠),2025년 07월,10,17550,19500.0,970,151587,리뷰 총점9.8 정보 더 보기/감추기 종이책 리뷰 (31건) eBook 리뷰 (0건) 종이책 한줄평 (34건) eBook 한줄평 (0건),,2025,7,9.8,31.0,0.0,34.0,0.0,65.0
53,142972546,도서,위버멘쉬,프리드리히 니체 저,떠오름,2025년 03월,10,16020,17800.0,890,418767,리뷰 총점9.1 정보 더 보기/감추기 종이책 리뷰 (290건) eBook 리뷰 (4건) 종이책 한줄평 (274건) eBook 한줄평 (59건),,2025,3,9.1,290.0,4.0,274.0,59.0,627.0
54,188721090,도서,구멍청,백희나 글그림,스토리보울,2026년 05월,10,15300,17000.0,850,81750,리뷰 총점9.3 정보 더 보기/감추기 종이책 리뷰 (17건) eBook 리뷰 (0건) 종이책 한줄평 (24건) eBook 한줄평 (0건),,2026,5,9.3,17.0,0.0,24.0,0.0,41.0
55,172574653,도서,돈의 심리학 (50만 부 기념 뉴 에디션),모건 하우절 저/이지연 역,인플루엔셜,2026년 01월,10,22320,24800.0,1240,141576,리뷰 총점9.4 정보 더 보기/감추기 종이책 리뷰 (409건) eBook 리뷰 (39건) 종이책 한줄평 (686건) eBook 한줄평 (173건),,2026,1,9.4,409.0,39.0,686.0,173.0,1307.0
56,184337755,도서,주식 투자를 잘한다는 것,육과장 저,노티스,2026년 04월,10,19800,22000.0,1100,119787,리뷰 총점9.8 정보 더 보기/감추기 종이책 리뷰 (35건) eBook 리뷰 (0건) 종이책 한줄평 (41건) eBook 한줄평 (3건),,2026,4,9.8,35.0,0.0,41.0,3.0,79.0
57,143911524,도서,혼모노 (리커버),성해나 저,창비,2025년 03월,10,16200,18000.0,900,566538,리뷰 총점9.2 정보 더 보기/감추기 종이책 리뷰 (441건) eBook 리뷰 (4건) 종이책 한줄평 (441건) eBook 한줄평 (9건),,2025,3,9.2,441.0,4.0,441.0,9.0,895.0
58,177044720,도서,인생을 위한 최소한의 생각,"신영준, 고영성 저",상상스퀘어,2026년 02월,10,17820,19800.0,990,281112,리뷰 총점9.4 정보 더 보기/감추기 종이책 리뷰 (68건) eBook 리뷰 (2건) 종이책 한줄평 (79건) eBook 한줄평 (3건),,2026,2,9.4,68.0,2.0,79.0,3.0,152.0
59,124235834,도서,수족관,유래혁 저,포스터샵,2023년 12월,10,15930,17700.0,880,76185,리뷰 총점9.3 정보 더 보기/감추기 종이책 리뷰 (20건) eBook 리뷰 (0건) 종이책 한줄평 (24건) eBook 한줄평 (0건),,2023,12,9.3,20.0,0.0,24.0,0.0,44.0
60,180137091,도서,완벽한 원시인,자청 저,필로틱,2026년 03월,10,19800,22000.0,1100,172728,리뷰 총점9.3 정보 더 보기/감추기 종이책 리뷰 (102건) eBook 리뷰 (4건) 종이책 한줄평 (87건) eBook 한줄평 (13건),,2026,3,9.3,102.0,4.0,87.0,13.0,206.0
61,191889338,도서,밤낮 레스토랑,노예지 글그림,북스그라운드,2026년 06월,10,15120,16800.0,840,11082,리뷰 총점10.0 정보 더 보기/감추기 종이책 리뷰 (15건) eBook 리뷰 (0건) 종이책 한줄평 (1건) eBook 한줄평 (0건),,2026,6,10.0,15.0,0.0,1.0,0.0,16.0
62,189403001,도서,고양이 해결사 깜냥 9,홍민정 글/김재희 그림,창비,2026년 05월,10,12600,14000.0,700,71343,리뷰 총점9.8 정보 더 보기/감추기 종이책 리뷰 (36건) eBook 리뷰 (0건) 종이책 한줄평 (16건) eBook 한줄평 (0건),,2026,5,9.8,36.0,0.0,16.0,0.0,52.0
63,186887775,도서,우월한 열등감,알프레드 아들러 저/김경일 역,저녁달,2026년 04월,10,18900,21000.0,1050,31008,리뷰 총점9.9 정보 더 보기/감추기 종이책 리뷰 (31건) eBook 리뷰 (0건) 종이책 한줄평 (0건) eBook 한줄평 (0건),,2026,4,9.9,31.0,0.0,0.0,0.0,31.0
64,192142964,도서,2026 해커스경찰 갓대환 형사법 진도별 문제풀이 1000제 2차 시험 대비,김대환 편저,해커스경찰,2025년 06월,5,38000,40000.0,1200,11250,,,2025,6,,0.0,0.0,0.0,0.0,0.0
65,164510819,도서,괴테는 모든 것을 말했다,스즈키 유이 저/이지수 역,리프,2025년 11월,10,15300,17000.0,850,404562,리뷰 총점8.8 정보 더 보기/감추기 종이책 리뷰 (205건) eBook 리뷰 (24건) 종이책 한줄평 (184건) eBook 한줄평 (42건),,2025,11,8.8,205.0,24.0,184.0,42.0,455.0
66,147276346,도서,너를 아끼며 살아라,나태주 저,더블북,2025년 06월,10,16650,18500.0,920,309636,리뷰 총점9.8 정보 더 보기/감추기 종이책 리뷰 (101건) eBook 리뷰 (0건) 종이책 한줄평 (96건) eBook 한줄평 (1건),,2025,6,9.8,101.0,0.0,96.0,1.0,198.0
67,192030311,도서,우리는 가장 밝은 밤에 헤어졌다,표도르 도스토예프스키 저/김희숙 역,윌마,2026년 06월,10,16020,17800.0,890,11406,리뷰 총점10.0 정보 더 보기/감추기 종이책 리뷰 (20건) eBook 리뷰 (0건) 종이책 한줄평 (27건) eBook 한줄평 (0건),,2026,6,10.0,20.0,0.0,27.0,0.0,47.0
68,192119354,도서,2027 선재국어 독해야 산다 1일 1독,이선재 편저,수비니겨,2026년 06월,10,15300,17000.0,170,13554,,,2026,6,,0.0,0.0,0.0,0.0,0.0
69,191535368,도서,슈퍼개미 이정윤의 성장주 집중 투자,이정윤 저,베가북스,2026년 06월,10,22500,25000.0,1250,94149,리뷰 총점10.0 정보 더 보기/감추기 종이책 리뷰 (2건) eBook 리뷰 (0건) 종이책 한줄평 (14건) eBook 한줄평 (0건),,2026,6,10.0,2.0,0.0,14.0,0.0,16.0
70,188940359,도서,굿 인사이드,베키 케네디 저/김영정 역,코리아닷컴(Korea.com),2026년 05월,10,18900,21000.0,1050,78285,리뷰 총점10.0 정보 더 보기/감추기 종이책 리뷰 (25건) eBook 리뷰 (0건) 종이책 한줄평 (1건) eBook 한줄평 (0건),,2026,5,10.0,25.0,0.0,1.0,0.0,26.0
71,192495835,도서,죽음의 에티켓,롤란트 슐츠 저/노선정 역,스노우폭스북스,2026년 06월,10,17010,18900.0,940,2160,,,2026,6,,0.0,0.0,0.0,0.0,0.0
72,176913274,도서,부처님 말씀대로 살아보니,토니 페르난도 저/강정선 역,윌마,2026년 02월,10,17010,18900.0,940,144258,리뷰 총점9.4 정보 더 보기/감추기 종이책 리뷰 (69건) eBook 리뷰 (2건) 종이책 한줄평 (38건) eBook 한줄평 (7건),,2026,2,9.4,69.0,2.0,38.0,7.0,116.0
73,136298166,도서,어른의 행복은 조용하다,태수 저,페이지2북스,2024년 11월,10,16020,17800.0,890,384312,리뷰 총점9.5 정보 더 보기/감추기 종이책 리뷰 (217건) eBook 리뷰 (10건) 종이책 한줄평 (246건) eBook 한줄평 (44건),,2024,11,9.5,217.0,10.0,246.0,44.0,517.0
74,191857161,도서,ETS 토익 기출보카(VOCA),ETS 저,YBM(와이비엠),2026년 06월,10,13500,15000.0,750,13680,,,2026,6,,0.0,0.0,0.0,0.0,0.0
75,184261820,도서,"AI, 신의 탄생 인간의 종말","엘리에저 유드코스키, 네이트 소아레스 저/고영훈 역",상상스퀘어,2026년 04월,10,19800,22000.0,1100,57492,리뷰 총점9.7 정보 더 보기/감추기 종이책 리뷰 (13건) eBook 리뷰 (1건) 종이책 한줄평 (15건) eBook 한줄평 (4건),,2026,4,9.7,13.0,1.0,15.0,4.0,33.0
76,92578889,도서,5번 레인 (30만 부 기념 리커버),은소홀 저/노인경 그림,문학동네,2020년 09월,10,12600,14000.0,700,161703,리뷰 총점9.7 정보 더 보기/감추기 종이책 리뷰 (184건) eBook 리뷰 (2건) 종이책 한줄평 (237건) eBook 한줄평 (13건),,2020,9,9.7,184.0,2.0,237.0,13.0,436.0
77,192145622,도서,패밀리 레스토랑 가자. 下,와야마 야마 글그림/현승희 역,문학동네,2026년 06월,10,7650,8500.0,420,171630,리뷰 총점9.3 정보 더 보기/감추기 종이책 리뷰 (4건) eBook 리뷰 (0건) 종이책 한줄평 (12건) eBook 한줄평 (0건),,2026,6,9.3,4.0,0.0,12.0,0.0,16.0
78,191698201,도서,미국 성장주는 멈추지 않는다,김영웅 저,경이로움,2026년 06월,10,23400,26000.0,1300,6732,리뷰 총점10.0 정보 더 보기/감추기 종이책 리뷰 (8건) eBook 리뷰 (0건) 종이책 한줄평 (2건) eBook 한줄평 (0건),,2026,6,10.0,8.0,0.0,2.0,0.0,10.0
79,187927810,도서,흔한남매 22,흔한남매 원저/백난도 글/유난희 그림/흔한컴퍼니 감수,미래엔아이세움,2026년 04월,10,15120,16800.0,840,124317,리뷰 총점9.6 정보 더 보기/감추기 종이책 리뷰 (129건) eBook 리뷰 (0건) 종이책 한줄평 (61건) eBook 한줄평 (0건),,2026,4,9.6,129.0,0.0,61.0,0.0,190.0
80,182422429,도서,무례한 세상에서 나를 지키는 법,발타자르 그라시안 저/하와이 대저택 편저,논픽션,2026년 03월,10,17820,19800.0,990,131928,리뷰 총점8.9 정보 더 보기/감추기 종이책 리뷰 (25건) eBook 리뷰 (0건) 종이책 한줄평 (29건) eBook 한줄평 (0건),,2026,3,8.9,25.0,0.0,29.0,0.0,54.0
81,174965461,도서,나쁜 일이 있어도 나쁜 날은 아니야,정문정 글/피도크 그림/천근아 감수,서교책방,2026년 01월,10,15120,16800.0,840,88674,리뷰 총점9.9 정보 더 보기/감추기 종이책 리뷰 (92건) eBook 리뷰 (0건) 종이책 한줄평 (84건) eBook 한줄평 (0건),,2026,1,9.9,92.0,0.0,84.0,0.0,176.0
82,119458052,도서,최소한의 한국사,최태성 저,프런트페이지,2023년 06월,10,17820,19800.0,990,184527,리뷰 총점9.8 정보 더 보기/감추기 종이책 리뷰 (286건) eBook 리뷰 (11건) 종이책 한줄평 (470건) eBook 한줄평 (37건),,2023,6,9.8,286.0,11.0,470.0,37.0,804.0
83,176787,도서,데미안,헤르만 헤세 저/전영애 역,민음사,2000년 12월,10,7200,8000.0,400,159912,리뷰 총점9.3 정보 더 보기/감추기 종이책 리뷰 (476건) eBook 리뷰 (43건) 종이책 한줄평 (571건) eBook 한줄평 (106건),,2000,12,9.3,476.0,43.0,571.0,106.0,1196.0
84,189589723,도서,김미경의 플러스 휴먼,김미경 저,어웨이크(AWAKE),2026년 05월,10,17550,19500.0,970,92118,리뷰 총점9.7 정보 더 보기/감추기 종이책 리뷰 (31건) eBook 리뷰 (0건) 종이책 한줄평 (26건) eBook 한줄평 (0건),,2026,5,9.7,31.0,0.0,26.0,0.0,57.0
85,192022748,도서,모두가 자신의 무가치함과 싸우고 있다 대본집 세트,박해영 저,알에이치코리아(RHK),2026년 08월,10,61200,68000.0,3400,37785,,,2026,8,,0.0,0.0,0.0,0.0,0.0
86,149385533,도서,자몽살구클럽,한로로 저,어센틱,2025년 07월,10,10800,12000.0,600,348891,리뷰 총점9.1 정보 더 보기/감추기 종이책 리뷰 (125건) eBook 리뷰 (0건) 종이책 한줄평 (167건) eBook 한줄평 (0건),,2025,7,9.1,125.0,0.0,167.0,0.0,292.0
87,192279758,만화,사카모토 데이즈 26 더블특전판,스즈키 유우토 글그림,대원,2026년 06월,10,5850,6500.0,320,44040,,,2026,6,,0.0,0.0,0.0,0.0,0.0
88,97963475,도서,순례 주택,유은실 저,비룡소,2021년 03월,10,13500,15000.0,750,139599,리뷰 총점9.7 정보 더 보기/감추기 종이책 리뷰 (237건) eBook 리뷰 (3건) 종이책 한줄평 (212건) eBook 한줄평 (8건),,2021,3,9.7,237.0,3.0,212.0,8.0,460.0
89,1387488,도서,인간 실격,다자이 오사무 저,민음사,2004년 05월,10,8100,9000.0,450,120495,리뷰 총점9.1 정보 더 보기/감추기 종이책 리뷰 (394건) eBook 리뷰 (52건) 종이책 한줄평 (548건) eBook 한줄평 (120건),,2004,5,9.1,394.0,52.0,548.0,120.0,1114.0
90,191857122,도서,기초생활보장 현장 노하우,이정은 저,지식터,2026년 06월,0,15000,15000.0,0,2826,,,2026,6,,0.0,0.0,0.0,0.0,0.0
91,190424644,도서,세상이 그대를 속일지라도,김상욱 저,동아시아,2026년 06월,10,16200,18000.0,900,27903,리뷰 총점10.0 정보 더 보기/감추기 종이책 리뷰 (4건) eBook 리뷰 (0건) 종이책 한줄평 (4건) eBook 한줄평 (0건),,2026,6,10.0,4.0,0.0,4.0,0.0,8.0
92,189856942,도서,2027 공단기 심슨 보카,심우철 저,공단기(에스티유니타스),2026년 05월,10,23400,26000.0,260,32394,,,2026,5,,0.0,0.0,0.0,0.0,0.0
93,147561000,도서,"큰별쌤 최태성의 별별한국사 시대별 기출문제집 한국사능력검정시험 심화(1,2,3급)",최태성 저,이투스북,2025년 06월,10,17730,19700.0,980,114525,리뷰 총점9.8 정보 더 보기/감추기 종이책 리뷰 (48건) eBook 리뷰 (0건) 종이책 한줄평 (60건) eBook 한줄평 (0건),,2025,6,9.8,48.0,0.0,60.0,0.0,108.0
94,97255028,도서,긴긴밤,루리 글그림,문학동네,2021년 02월,10,11250,12500.0,620,272778,리뷰 총점9.8 정보 더 보기/감추기 종이책 리뷰 (654건) eBook 리뷰 (44건) 종이책 한줄평 (909건) eBook 한줄평 (146건),,2021,2,9.8,654.0,44.0,909.0,146.0,1753.0
95,2950700,도서,브람스를 좋아하세요...,프랑수아즈 사강 저/김남주 역,민음사,2008년 05월,10,9000,10000.0,500,111264,리뷰 총점9.1 정보 더 보기/감추기 종이책 리뷰 (261건) eBook 리뷰 (95건) 종이책 한줄평 (369건) eBook 한줄평 (204건),,2008,5,9.1,261.0,95.0,369.0,204.0,929.0
96,192468298,만화,향기로운 꽃은 늠름하게 핀다 21 일반판,미카미 사카 글그림,대원,2026년 06월,10,6300,7000.0,350,18180,,,2026,6,,0.0,0.0,0.0,0.0,0.0
97,192028694,도서,어른이 된 당신을 위한 어린 왕자의 말,김종원 저/찬H 그림/김문주 역,오아시스,2026년 07월,10,17100,19000.0,950,4512,리뷰 총점10.0 정보 더 보기/감추기 종이책 리뷰 (3건) eBook 리뷰 (0건) 종이책 한줄평 (2건) eBook 한줄평 (0건),,2026,7,10.0,3.0,0.0,2.0,0.0,5.0
98,191949148,도서,우리는 왜 AI에게 속마음을 털어놓을까?,이모란 저,아날로그(글담),2026년 07월,10,17100,19000.0,950,1740,,,2026,7,,0.0,0.0,0.0,0.0,0.0
99,189341416,도서,나를 이기는 심리학,스티브 매그니스 저/이은경 역,상상스퀘어,2026년 05월,10,19800,22000.0,1100,16731,리뷰 총점10.0 정보 더 보기/감추기 종이책 리뷰 (0건) eBook 리뷰 (0건) 종이책 한줄평 (2건) eBook 한줄평 (0건),,2026,5,10.0,0.0,0.0,2.0,0.0,2.0
100,180953250,도서,마음의 주인은 언제나 나야,손원우 글/김서희 그림,페이지2북스,2026년 03월,10,16920,18800.0,940,78123,리뷰 총점9.9 정보 더 보기/감추기 종이책 리뷰 (47건) eBook 리뷰 (1건) 종이책 한줄평 (14건) eBook 한줄평 (0건),,2026,3,9.9,47.0,1.0,14.0,0.0,62.0
101,117014613,도서,세이노의 가르침,세이노(SayNo) 저,데이원,2023년 03월,10,6480,7200.0,360,155697,"리뷰 총점9.0 정보 더 보기/감추기 종이책 리뷰 (698건) eBook 리뷰 (21건) 종이책 한줄평 (1,493건) eBook 한줄평 (634건)",,2023,3,9.0,698.0,21.0,1493.0,634.0,2846.0
102,90428162,도서,돈의 속성 400쇄 리커버,김승호 저,스노우폭스북스,2020년 06월,10,16020,17800.0,890,138945,"리뷰 총점9.5 정보 더 보기/감추기 종이책 리뷰 (528건) eBook 리뷰 (53건) 종이책 한줄평 (1,063건) eBook 한줄평 (235건)",,2020,6,9.5,528.0,53.0,1063.0,235.0,1879.0
103,192492742,만화,시온 군이 말하는 대로 1,Neko Inukai 글그림/박소현 역,서울미디어코믹스(서울문화사),2026년 06월,10,5850,6500.0,320,2700,,,2026,6,,0.0,0.0,0.0,0.0,0.0
104,4827613,도서,이방인,알베르 까뮈 저/김화영 역,민음사,2011년 03월,10,9000,10000.0,500,109443,리뷰 총점9.3 정보 더 보기/감추기 종이책 리뷰 (247건) eBook 리뷰 (32건) 종이책 한줄평 (377건) eBook 한줄평 (65건),,2011,3,9.3,247.0,32.0,377.0,65.0,721.0
105,192565120,도서,Re : 제로부터 시작하는 이세계 생활 42,나가츠키 탓페이 저/오츠카 신이치로 그림,미스터블루,2026년 07월,10,7200,8000.0,400,1620,,,2026,7,,0.0,0.0,0.0,0.0,0.0
106,192468921,도서,주식 투자의 그릇,후지모토 시게루 저/박선영 역,다산북스,2026년 06월,10,18000,20000.0,1000,4320,리뷰 총점10.0 정보 더 보기/감추기 종이책 리뷰 (3건) eBook 리뷰 (0건) 종이책 한줄평 (2건) eBook 한줄평 (0건),,2026,6,10.0,3.0,0.0,2.0,0.0,5.0
107,184276313,도서,제미나이 주식투자,조성호 저,길벗,2026년 04월,10,18000,20000.0,1000,79020,리뷰 총점9.7 정보 더 보기/감추기 종이책 리뷰 (77건) eBook 리뷰 (0건) 종이책 한줄평 (27건) eBook 한줄평 (0건),,2026,4,9.7,77.0,0.0,27.0,0.0,104.0
108,155514750,도서,2026 한 권으로 끝내는 시나공 컴활 2급 필기+실기 (컴퓨터활용능력 2급),길벗알앤디 저,길벗,2025년 10월,10,24300,27000.0,1350,91527,리뷰 총점9.8 정보 더 보기/감추기 종이책 리뷰 (20건) eBook 리뷰 (1건) 종이책 한줄평 (30건) eBook 한줄평 (2건),,2025,10,9.8,20.0,1.0,30.0,2.0,53.0
109,192465044,도서,"강남 아파트는 못 샀어도, 좋은 주식은 살 수 있다.",채부심(채상욱) 저,커넥티드그라운드,2026년 06월,10,19800,22000.0,1100,23640,,,2026,6,,0.0,0.0,0.0,0.0,0.0
110,192161420,도서,멋진 신세계 대본집 세트,강현주 저,김영사,2026년 07월,10,49500,55000.0,2750,15180,,,2026,7,,0.0,0.0,0.0,0.0,0.0
111,183023638,도서,사랑이 있으니 살아집디다,"유시민, 김세라 저/4.9통일평화재단 편",도서출판은빛,2026년 03월,10,16200,18000.0,900,135711,리뷰 총점8.9 정보 더 보기/감추기 종이책 리뷰 (40건) eBook 리뷰 (0건) 종이책 한줄평 (95건) eBook 한줄평 (0건),,2026,3,8.9,40.0,0.0,95.0,0.0,135.0
112,169743378,도서,만능문장으로 끝내는 토익스피킹 시계토끼 올인원 기본서,시계토끼제니쌤 저,시계토끼,2025년 12월,10,19980,22200.0,1110,55824,리뷰 총점9.9 정보 더 보기/감추기 종이책 리뷰 (13건) eBook 리뷰 (0건) 종이책 한줄평 (7건) eBook 한줄평 (0건),,2025,12,9.9,13.0,0.0,7.0,0.0,20.0
113,13137546,도서,소년이 온다,한강 저,창비,2014년 05월,10,13500,15000.0,750,278988,"리뷰 총점9.7 정보 더 보기/감추기 종이책 리뷰 (1,636건) eBook 리뷰 (0건) 종이책 한줄평 (2,054건) eBook 한줄평 (2건)",,2014,5,9.7,1636.0,0.0,2054.0,2.0,3692.0
114,192022747,도서,마법천자문 71,알에스미디어 글/정수영 그림/강용철 감수,아울북,2026년 06월,10,14310,15900.0,790,24672,리뷰 총점9.3 정보 더 보기/감추기 종이책 리뷰 (1건) eBook 리뷰 (0건) 종이책 한줄평 (2건) eBook 한줄평 (0건),,2026,6,9.3,1.0,0.0,2.0,0.0,3.0
115,191699911,만화,장송의 프리렌 15,야마다 카네히토 원저/아베 츠카사 글그림,학산문화사,2026년 06월,10,6300,7000.0,350,18921,,,2026,6,,0.0,0.0,0.0,0.0,0.0
116,188691858,도서,포켓몬 생태도감,주식회사 포켓몬 글/기노시타 치히로 그림/이선희 역/요네하라 요시나리 기획,대원씨아이(단행)(대원키즈),2026년 04월,10,13500,15000.0,750,60912,리뷰 총점9.9 정보 더 보기/감추기 종이책 리뷰 (18건) eBook 리뷰 (0건) 종이책 한줄평 (13건) eBook 한줄평 (0건),,2026,4,9.9,18.0,0.0,13.0,0.0,31.0
117,167573138,도서,혼자 공부하는 바이브 코딩 with 클로드 코드,조태호 저,한빛미디어,2025년 12월,10,27000,30000.0,1500,77022,리뷰 총점9.9 정보 더 보기/감추기 종이책 리뷰 (47건) eBook 리뷰 (0건) 종이책 한줄평 (120건) eBook 한줄평 (1건),,2025,12,9.9,47.0,0.0,120.0,1.0,168.0
118,155513709,도서,2026 한 권으로 끝내는 시나공 컴활 1급 필기+실기(컴퓨터활용능력 1급),길벗알앤디 저,길벗,2025년 10월,10,36000,40000.0,2000,46998,리뷰 총점9.8 정보 더 보기/감추기 종이책 리뷰 (14건) eBook 리뷰 (1건) 종이책 한줄평 (45건) eBook 한줄평 (1건),,2025,10,9.8,14.0,1.0,45.0,1.0,61.0
119,147625638,도서,이병한의 아메리카 탐문,이병한 저,서해문집,2025년 06월,10,16650,18500.0,920,63003,리뷰 총점8.7 정보 더 보기/감추기 종이책 리뷰 (14건) eBook 리뷰 (1건) 종이책 한줄평 (15건) eBook 한줄평 (4건),,2025,6,8.7,14.0,1.0,15.0,4.0,34.0
120,124043812,도서,ETS 토익 정기시험 기출문제집 1000 Vol. 4 RC,ETS 저,YBM(와이비엠),2023년 12월,10,17820,19800.0,990,202800,리뷰 총점9.8 정보 더 보기/감추기 종이책 리뷰 (260건) eBook 리뷰 (0건) 종이책 한줄평 (335건) eBook 한줄평 (0건),,2023,12,9.8,260.0,0.0,335.0,0.0,595.0
121,19427515,도서,수박 수영장,안녕달 글그림,창비,2015년 07월,10,12600,14000.0,700,57408,리뷰 총점9.7 정보 더 보기/감추기 종이책 리뷰 (254건) eBook 리뷰 (0건) 종이책 한줄평 (514건) eBook 한줄평 (0건),,2015,7,9.7,254.0,0.0,514.0,0.0,768.0
122,191941665,도서,2026 스티마 면접 지방직(공통편),스티마 편저,(주)박영사,2026년 06월,0,29000,29000.0,870,6420,,,2026,6,,0.0,0.0,0.0,0.0,0.0
123,180510407,도서,다있소 과학 1,윤자영 글/노이신 그림,다른어린이,2026년 03월,10,13050,14500.0,720,47166,리뷰 총점10.0 정보 더 보기/감추기 종이책 리뷰 (77건) eBook 리뷰 (0건) 종이책 한줄평 (13건) eBook 한줄평 (0건),,2026,3,10.0,77.0,0.0,13.0,0.0,90.0
124,149658696,도서,다크 심리학,다크 사이드 프로젝트 저,어센딩,2025년 07월,10,19710,21900.0,1090,279366,리뷰 총점9.1 정보 더 보기/감추기 종이책 리뷰 (122건) eBook 리뷰 (0건) 종이책 한줄평 (140건) eBook 한줄평 (0건),,2025,7,9.1,122.0,0.0,140.0,0.0,262.0
125,124043802,도서,ETS 토익 정기시험 기출문제집 1000 Vol. 4 LC,ETS 저,YBM(와이비엠),2023년 12월,10,17820,19800.0,990,194928,리뷰 총점9.8 정보 더 보기/감추기 종이책 리뷰 (223건) eBook 리뷰 (0건) 종이책 한줄평 (285건) eBook 한줄평 (0건),,2023,12,9.8,223.0,0.0,285.0,0.0,508.0
126,116020437,도서,해커스 토익 RC Reading(리딩) 기본서,David Cho 저,해커스어학연구소,2024년 08월,10,16920,18800.0,940,136758,리뷰 총점9.7 정보 더 보기/감추기 종이책 리뷰 (228건) eBook 리뷰 (4건) 종이책 한줄평 (308건) eBook 한줄평 (5건),,2024,8,9.7,228.0,4.0,308.0,5.0,545.0
127,6111280,도서,불안,알랭 드 보통 저/정영목 역,은행나무,2011년 12월,10,16200,18000.0,900,71166,리뷰 총점9.0 정보 더 보기/감추기 종이책 리뷰 (169건) eBook 리뷰 (1건) 종이책 한줄평 (224건) eBook 한줄평 (3건),,2011,12,9.0,169.0,1.0,224.0,3.0,397.0
128,1441810,도서,고래,천명관 저,문학동네,2004년 12월,10,13500,15000.0,750,28713,리뷰 총점9.0 정보 더 보기/감추기 종이책 리뷰 (308건) eBook 리뷰 (18건) 종이책 한줄평 (232건) eBook 한줄평 (55건),,2004,12,9.0,308.0,18.0,232.0,55.0,613.0
129,189497782,도서,내 몸을 바꾸는 집밥테라피,"박용우, 김영아 저",루미너스,2026년 06월,10,21600,24000.0,1200,25623,리뷰 총점9.9 정보 더 보기/감추기 종이책 리뷰 (17건) eBook 리뷰 (0건) 종이책 한줄평 (5건) eBook 한줄평 (0건),,2026,6,9.9,17.0,0.0,5.0,0.0,22.0
130,190215128,도서,리치먼드힐의 이층 버스,이경진 저,북플레저,2026년 06월,10,17100,19000.0,950,48180,리뷰 총점9.9 정보 더 보기/감추기 종이책 리뷰 (28건) eBook 리뷰 (0건) 종이책 한줄평 (27건) eBook 한줄평 (0건),,2026,6,9.9,28.0,0.0,27.0,0.0,55.0
131,170736476,도서,빅터 프랭클의 죽음의 수용소에서,빅터 프랭클 저/이시형 역,청아출판사,2026년 01월,10,10800,12000.0,600,57534,리뷰 총점9.5 정보 더 보기/감추기 종이책 리뷰 (17건) eBook 리뷰 (33건) 종이책 한줄평 (19건) eBook 한줄평 (165건),,2026,1,9.5,17.0,33.0,19.0,165.0,234.0
132,162000217,도서,이병한의 테크노-차이나 탐문,이병한 저,서해문집,2025년 11월,10,16200,18000.0,900,42984,리뷰 총점9.4 정보 더 보기/감추기 종이책 리뷰 (6건) eBook 리뷰 (0건) 종이책 한줄평 (3건) eBook 한줄평 (1건),,2025,11,9.4,6.0,0.0,3.0,1.0,10.0
133,191889420,도서,영혼의 왈츠 2,베르나르 베르베르 저/전미연 역,열린책들,2026년 06월,10,16200,18000.0,900,6636,,,2026,6,,0.0,0.0,0.0,0.0,0.0
134,191889414,도서,영혼의 왈츠 1,베르나르 베르베르 저/전미연 역,열린책들,2026년 06월,10,16200,18000.0,900,7548,,,2026,6,,0.0,0.0,0.0,0.0,0.0
135,192469355,도서,하루 1시간으로 월 300 더 버는 40대 임부장 이야기,사장썸머(임선영) 저,모티브,2026년 06월,10,17820,19800.0,990,1440,리뷰 총점7.0 정보 더 보기/감추기 종이책 리뷰 (1건) eBook 리뷰 (0건) 종이책 한줄평 (1건) eBook 한줄평 (0건),,2026,6,7.0,1.0,0.0,1.0,0.0,2.0
136,189115273,도서,염승환의 ETF 완전 정복,염승환 저,한스미디어,2026년 05월,10,21600,24000.0,1200,45249,리뷰 총점9.8 정보 더 보기/감추기 종이책 리뷰 (26건) eBook 리뷰 (0건) 종이책 한줄평 (7건) eBook 한줄평 (1건),,2026,5,9.8,26.0,0.0,7.0,1.0,34.0
137,188907535,도서,다있소 과학 2,윤자영 글/노이신 그림,다른어린이,2026년 05월,10,13050,14500.0,720,20232,리뷰 총점10.0 정보 더 보기/감추기 종이책 리뷰 (69건) eBook 리뷰 (0건) 종이책 한줄평 (2건) eBook 한줄평 (0건),,2026,5,10.0,69.0,0.0,2.0,0.0,71.0
138,186506535,도서,생각하라 그리고 부자가 되어라,나폴레온 힐 저,하이스트,2026년 04월,10,16920,18800.0,940,52854,리뷰 총점10.0 정보 더 보기/감추기 종이책 리뷰 (41건) eBook 리뷰 (0건) 종이책 한줄평 (6건) eBook 한줄평 (0건),,2026,4,10.0,41.0,0.0,6.0,0.0,47.0
139,182962409,도서,2026 황철곤 지방자치론,황철곤 저,사피엔스넷,2026년 03월,10,27000,30000.0,300,8838,리뷰 총점9.5 정보 더 보기/감추기 종이책 리뷰 (5건) eBook 리뷰 (0건) 종이책 한줄평 (6건) eBook 한줄평 (0건),,2026,3,9.5,5.0,0.0,6.0,0.0,11.0
140,153497469,도서,절창 切創,구병모 저,문학동네,2025년 09월,10,16200,18000.0,900,276537,리뷰 총점9.1 정보 더 보기/감추기 종이책 리뷰 (164건) eBook 리뷰 (17건) 종이책 한줄평 (219건) eBook 한줄평 (39건),,2025,9,9.1,164.0,17.0,219.0,39.0,439.0
141,142687238,도서,어른의 품격을 채우는 100일 필사 노트,김종원 저,청림Life,2025년 03월,10,18000,20000.0,1000,240105,리뷰 총점9.8 정보 더 보기/감추기 종이책 리뷰 (133건) eBook 리뷰 (0건) 종이책 한줄평 (136건) eBook 한줄평 (0건),,2025,3,9.8,133.0,0.0,136.0,0.0,269.0
142,129775130,도서,행복할 거야 이래도 되나 싶을 정도로,일홍 저,부크럼,2024년 07월,10,16200,18000.0,900,127107,리뷰 총점9.8 정보 더 보기/감추기 종이책 리뷰 (228건) eBook 리뷰 (0건) 종이책 한줄평 (75건) eBook 한줄평 (1건),,2024,7,9.8,228.0,0.0,75.0,1.0,304.0
143,192566390,만화,코믹 약사의 혼잣말 21,휴우가 나츠 원저/쿠라타 미노지 글그림/유유리 역,서울미디어코믹스(서울문화사),2026년 06월,10,5400,6000.0,300,1200,,,2026,6,,0.0,0.0,0.0,0.0,0.0
144,192491745,도서,정재승의 인간 탐구 보고서 특별편,정재은 글/김기수 그림/정재승 기획,아울북,2026년 06월,10,15210,16900.0,840,3180,리뷰 총점10.0 정보 더 보기/감추기 종이책 리뷰 (7건) eBook 리뷰 (0건) 종이책 한줄평 (0건) eBook 한줄평 (0건),,2026,6,10.0,7.0,0.0,0.0,0.0,7.0
145,191538306,도서,아무도 만만하게 보지 않는 대화법,나이토 요시히토 저/황정원 역,포텐업,2026년 06월,10,15210,16900.0,840,3102,리뷰 총점10.0 정보 더 보기/감추기 종이책 리뷰 (3건) eBook 리뷰 (0건) 종이책 한줄평 (0건) eBook 한줄평 (0건),,2026,6,10.0,3.0,0.0,0.0,0.0,3.0
146,191535504,도서,윗집 부부,황보름 저,클레이하우스,2026년 06월,10,16200,18000.0,900,4422,리뷰 총점9.8 정보 더 보기/감추기 종이책 리뷰 (51건) eBook 리뷰 (0건) 종이책 한줄평 (8건) eBook 한줄평 (0건),,2026,6,9.8,51.0,0.0,8.0,0.0,59.0
147,190213249,도서,몸이 마음을 만든다,윤대현 저,웅진지식하우스,2026년 06월,10,17100,19000.0,950,5607,리뷰 총점9.8 정보 더 보기/감추기 종이책 리뷰 (10건) eBook 리뷰 (0건) 종이책 한줄평 (1건) eBook 한줄평 (0건),,2026,6,9.8,10.0,0.0,1.0,0.0,11.0
148,189629407,도서,엄마의 마음,김종원 저,퍼스트펭귄,2026년 05월,10,17820,19800.0,990,31899,리뷰 총점10.0 정보 더 보기/감추기 종이책 리뷰 (30건) eBook 리뷰 (0건) 종이책 한줄평 (3건) eBook 한줄평 (0건),,2026,5,10.0,30.0,0.0,3.0,0.0,33.0
149,187571392,도서,김약국의 딸들 (한국문학의 거장 박경리 탄생 100주년 기념 특별판),박경리 저,다산책방,2026년 05월,10,19800,22000.0,1100,7209,리뷰 총점10.0 정보 더 보기/감추기 종이책 리뷰 (16건) eBook 리뷰 (0건) 종이책 한줄평 (10건) eBook 한줄평 (0건),,2026,5,10.0,16.0,0.0,10.0,0.0,26.0
150,172506508,도서,돈의 방정식,모건 하우절 저/박영준 역,서삼독,2026년 01월,10,25200,28000.0,1400,144204,리뷰 총점9.3 정보 더 보기/감추기 종이책 리뷰 (72건) eBook 리뷰 (4건) 종이책 한줄평 (112건) eBook 한줄평 (11건),,2026,1,9.3,72.0,4.0,112.0,11.0,199.0
151,166390503,도서,최소한의 삼국지 (10만 부 기념 도원결의 에디션),최태성 저/이성원 감수,프런트페이지,2025년 11월,10,17550,19500.0,970,317736,리뷰 총점9.7 정보 더 보기/감추기 종이책 리뷰 (100건) eBook 리뷰 (6건) 종이책 한줄평 (135건) eBook 한줄평 (51건),,2025,11,9.7,100.0,6.0,135.0,51.0,292.0
152,160067656,도서,운명을 보는 기술,박성준 저,페이지2북스,2025년 10월,10,16920,18800.0,940,125925,리뷰 총점9.3 정보 더 보기/감추기 종이책 리뷰 (70건) eBook 리뷰 (2건) 종이책 한줄평 (59건) eBook 한줄평 (7건),,2025,10,9.3,70.0,2.0,59.0,7.0,138.0
153,148193210,도서,ETS 토익 단기공략 650+ (LC+RC),ETS 저,YBM(와이비엠),2025년 07월,10,17550,19500.0,970,56166,리뷰 총점9.8 정보 더 보기/감추기 종이책 리뷰 (10건) eBook 리뷰 (0건) 종이책 한줄평 (8건) eBook 한줄평 (0건),,2025,7,9.8,10.0,0.0,8.0,0.0,18.0
154,119410542,도서,여덟 단어,박웅현 저,인티앤,2023년 06월,10,15300,17000.0,850,100206,리뷰 총점9.8 정보 더 보기/감추기 종이책 리뷰 (72건) eBook 리뷰 (1건) 종이책 한줄평 (63건) eBook 한줄평 (8건),,2023,6,9.8,72.0,1.0,63.0,8.0,144.0
155,116020471,도서,해커스 토익 LC Listening(리스닝) 기본서,David Cho 저,해커스어학연구소,2024년 08월,10,16920,18800.0,940,117252,리뷰 총점9.7 정보 더 보기/감추기 종이책 리뷰 (160건) eBook 리뷰 (3건) 종이책 한줄평 (231건) eBook 한줄평 (2건),,2024,8,9.7,160.0,3.0,231.0,2.0,396.0
156,23030284,도서,사피엔스,유발 하라리 저/조현욱 역/이태수 감수,김영사,2015년 11월,10,24120,26800.0,1340,125763,"리뷰 총점9.5 정보 더 보기/감추기 종이책 리뷰 (607건) eBook 리뷰 (54건) 종이책 한줄평 (1,551건) eBook 한줄평 (128건)",,2015,11,9.5,607.0,54.0,1551.0,128.0,2340.0
157,101893068,도서,화학 연대기,장홍제 저,EBS BOOKS,2021년 05월,10,19800,22000.0,220,20088,리뷰 총점9.7 정보 더 보기/감추기 종이책 리뷰 (15건) eBook 리뷰 (0건) 종이책 한줄평 (9건) eBook 한줄평 (1건),,2021,5,9.7,15.0,0.0,9.0,1.0,25.0
158,192505185,도서,피지컬 AI 시스템 설계,엥지유니버스 저,한빛미디어,2026년 06월,10,27000,30000.0,1500,1320,,,2026,6,,0.0,0.0,0.0,0.0,0.0
159,192468942,도서,달러구트 꿈 백화점 0,이미예 저,팩토리나인,2026년 07월,10,16020,17800.0,890,5370,,,2026,7,,0.0,0.0,0.0,0.0,0.0
160,192151426,도서,정프로의 한없이 가벼운 경제 상식,정영진 저,저녁달,2026년 06월,10,18000,20000.0,1000,2520,,,2026,6,,0.0,0.0,0.0,0.0,0.0
161,188010439,도서,백지 앞에서,최은영 저,문학동네,2026년 04월,10,15750,17500.0,870,60876,리뷰 총점9.6 정보 더 보기/감추기 종이책 리뷰 (17건) eBook 리뷰 (2건) 종이책 한줄평 (32건) eBook 한줄평 (0건),,2026,4,9.6,17.0,2.0,32.0,0.0,51.0
162,178054322,도서,세종의 나라 2,김진명 저,이타북스,2026년 02월,10,19800,22000.0,1100,68394,리뷰 총점9.7 정보 더 보기/감추기 종이책 리뷰 (23건) eBook 리뷰 (0건) 종이책 한줄평 (11건) eBook 한줄평 (2건),,2026,2,9.7,23.0,0.0,11.0,2.0,36.0
163,176901674,도서,이게 되네? 제미나이 완전 미친 활용법 81제,오힘찬 저,골든래빗,2026년 02월,10,21600,24000.0,1200,79233,리뷰 총점9.8 정보 더 보기/감추기 종이책 리뷰 (31건) eBook 리뷰 (0건) 종이책 한줄평 (126건) eBook 한줄평 (4건),,2026,2,9.8,31.0,0.0,126.0,4.0,161.0
164,168227669,도서,김재우의 기본 동사 100,김재우 저,상상스퀘어,2025년 12월,10,19800,22000.0,1100,88674,리뷰 총점9.7 정보 더 보기/감추기 종이책 리뷰 (29건) eBook 리뷰 (4건) 종이책 한줄평 (28건) eBook 한줄평 (9건),,2025,12,9.7,29.0,4.0,28.0,9.0,70.0
165,149739762,도서,렛뎀 이론,멜 로빈스 저/윤효원 역,비즈니스북스,2025년 08월,10,18000,20000.0,1000,208443,리뷰 총점9.4 정보 더 보기/감추기 종이책 리뷰 (171건) eBook 리뷰 (9건) 종이책 한줄평 (123건) eBook 한줄평 (16건),,2025,8,9.4,171.0,9.0,123.0,16.0,319.0
166,136269105,도서,너를 미워할 시간에 나를 사랑하기로 했다,윤서진 저,스몰빅라이프,2024년 11월,10,16920,18800.0,940,159645,리뷰 총점9.3 정보 더 보기/감추기 종이책 리뷰 (62건) eBook 리뷰 (2건) 종이책 한줄평 (53건) eBook 한줄평 (9건),,2024,11,9.3,62.0,2.0,53.0,9.0,126.0
167,132226737,도서,팩트풀니스,"안나 로슬링 뢴룬드, 올라 로슬링, 한스 로슬링 공저/이창신 역",김영사,2024년 09월,10,21420,23800.0,1190,128196,리뷰 총점9.6 정보 더 보기/감추기 종이책 리뷰 (56건) eBook 리뷰 (10건) 종이책 한줄평 (51건) eBook 한줄평 (13건),,2024,9,9.6,56.0,10.0,51.0,13.0,130.0
168,118755085,도서,총 균 쇠,재레드 다이아몬드 저/강주헌 역,김영사,2023년 05월,10,26820,29800.0,1490,122526,리뷰 총점9.7 정보 더 보기/감추기 종이책 리뷰 (167건) eBook 리뷰 (41건) 종이책 한줄평 (178건) eBook 한줄평 (84건),,2023,5,9.7,167.0,41.0,178.0,84.0,470.0
169,101375809,도서,마션,앤디 위어 저/박아람 역,알에이치코리아(RHK),2021년 05월,10,17820,19800.0,990,82080,리뷰 총점9.7 정보 더 보기/감추기 종이책 리뷰 (40건) eBook 리뷰 (12건) 종이책 한줄평 (61건) eBook 한줄평 (62건),,2021,5,9.7,40.0,12.0,61.0,62.0,175.0
170,74806358,도서,팥빙수의 전설,이지은 글그림,웅진주니어,2019년 06월,10,11700,13000.0,650,30021,리뷰 총점9.8 정보 더 보기/감추기 종이책 리뷰 (122건) eBook 리뷰 (0건) 종이책 한줄평 (186건) eBook 한줄평 (0건),,2019,6,9.8,122.0,0.0,186.0,0.0,308.0
171,27582352,도서,엄마가 유령이 되었어!,노부미 글그림/이기웅 역,길벗어린이,2016년 05월,10,10800,12000.0,600,276177,리뷰 총점9.3 정보 더 보기/감추기 종이책 리뷰 (103건) eBook 리뷰 (0건) 종이책 한줄평 (42건) eBook 한줄평 (0건),,2016,5,9.3,103.0,0.0,42.0,0.0,145.0
172,276635,도서,마당을 나온 암탉,황선미 저/김환영 그림,사계절,2000년 05월,10,11520,12800.0,640,41004,리뷰 총점9.5 정보 더 보기/감추기 종이책 리뷰 (208건) eBook 리뷰 (0건) 종이책 한줄평 (102건) eBook 한줄평 (0건),,2000,5,9.5,208.0,0.0,102.0,0.0,310.0
173,189114943,도서,"바로바로 클로드 with 코워크, 스킬, 클로드 코드, 디자인",차진우 저,골든래빗,2026년 05월,10,25200,28000.0,1400,26673,리뷰 총점10.0 정보 더 보기/감추기 종이책 리뷰 (2건) eBook 리뷰 (0건) 종이책 한줄평 (2건) eBook 한줄평 (0건),,2026,5,10.0,2.0,0.0,2.0,0.0,4.0
174,188013050,도서,2027 심슨 구문,심우철 저,공단기(에스티유니타스),2026년 04월,10,16200,18000.0,180,20232,리뷰 총점10.0 정보 더 보기/감추기 종이책 리뷰 (2건) eBook 리뷰 (0건) 종이책 한줄평 (0건) eBook 한줄평 (0건),,2026,4,10.0,2.0,0.0,0.0,0.0,2.0
175,183546734,도서,어른의 감정을 돌보는 100일 필사 노트,김종원 저,청림Life,2026년 04월,10,18000,20000.0,1000,72585,리뷰 총점9.8 정보 더 보기/감추기 종이책 리뷰 (45건) eBook 리뷰 (0건) 종이책 한줄평 (14건) eBook 한줄평 (0건),,2026,4,9.8,45.0,0.0,14.0,0.0,59.0
176,175467785,도서,주식투자 무작정 따라하기,윤재수 저,길벗,2026년 01월,10,22500,25000.0,1250,83244,리뷰 총점9.7 정보 더 보기/감추기 종이책 리뷰 (13건) eBook 리뷰 (1건) 종이책 한줄평 (14건) eBook 한줄평 (0건),,2026,1,9.7,13.0,1.0,14.0,0.0,28.0
177,101375832,도서,아르테미스,앤디 위어 저/남명성 역,알에이치코리아(RHK),2021년 05월,10,17820,19800.0,990,76770,리뷰 총점8.8 정보 더 보기/감추기 종이책 리뷰 (30건) eBook 리뷰 (4건) 종이책 한줄평 (30건) eBook 한줄평 (20건),,2021,5,8.8,30.0,4.0,30.0,20.0,84.0
178,69655504,도서,아주 작은 습관의 힘 (50만 부 기념 스페셜 에디션),제임스 클리어 저/이한이 역,비즈니스북스,2019년 02월,10,16200,18000.0,900,120786,리뷰 총점9.4 정보 더 보기/감추기 종이책 리뷰 (345건) eBook 리뷰 (35건) 종이책 한줄평 (539건) eBook 한줄평 (118건),,2019,2,9.4,345.0,35.0,539.0,118.0,1037.0
179,59580017,도서,생각에 관한 생각,대니얼 카너먼 저/이창신 역,김영사,2018년 03월,10,26820,29800.0,1490,73923,리뷰 총점9.3 정보 더 보기/감추기 종이책 리뷰 (107건) eBook 리뷰 (14건) 종이책 한줄평 (245건) eBook 한줄평 (28건),,2018,3,9.3,107.0,14.0,245.0,28.0,394.0
180,59463540,도서,명상록,마르쿠스 아우렐리우스 저/박문재 역,현대지성,2018년 04월,10,10800,12000.0,600,60549,리뷰 총점9.6 정보 더 보기/감추기 종이책 리뷰 (198건) eBook 리뷰 (72건) 종이책 한줄평 (196건) eBook 한줄평 (123건),,2018,4,9.6,198.0,72.0,196.0,123.0,589.0
181,29083333,도서,제이크쌤의 28시간에 끝내는 토익스피킹 All in One,"황인기, 시원스쿨어학연구소 저",시원스쿨닷컴,2026년 06월,10,16110,17900.0,890,83469,리뷰 총점9.7 정보 더 보기/감추기 종이책 리뷰 (187건) eBook 리뷰 (0건) 종이책 한줄평 (198건) eBook 한줄평 (0건),,2026,6,9.7,187.0,0.0,198.0,0.0,385.0
182,318392,도서,체호프 단편선,안톤 파블로비치 체호프 저,민음사,2002년 11월,10,8100,9000.0,450,46956,리뷰 총점9.5 정보 더 보기/감추기 종이책 리뷰 (105건) eBook 리뷰 (29건) 종이책 한줄평 (135건) eBook 한줄평 (65건),,2002,11,9.5,105.0,29.0,135.0,65.0,334.0
183,192115355,도서,진짜 인생은 퇴근 후에 시작된다,"배정이, 손경자, 서미숙, 윤홍심, 정고니 저 외 7명 정보 더 보기/감추기 배정이 손경자 서미숙 윤홍심 정고니 이은실 이세라 유진영 김은정 신순덕 박은정 윤소영",정한책방,2026년 06월,10,16200,18000.0,900,25554,리뷰 총점10.0 정보 더 보기/감추기 종이책 리뷰 (1건) eBook 리뷰 (0건) 종이책 한줄평 (60건) eBook 한줄평 (0건),,2026,6,10.0,1.0,0.0,60.0,0.0,61.0
184,192555395,만화,NANA 나나 완전판 10,야자와 아이 글그림,학산문화사,2026년 06월,10,10800,12000.0,600,1020,,,2026,6,,0.0,0.0,0.0,0.0,0.0
185,192555227,클래스24,『세상이 그대를 속일지라도』 김상욱 저자 북토크,김상욱,동아시아,2026년 06월,0,21200,,0,1350,,,2026,6,,0.0,0.0,0.0,0.0,0.0
186,192146806,도서,지금 어떤 마음일까?,WILL어린이교육연구소 글/스미모토 나나미 그림,퍼스트페이지,2026년 06월,10,15300,17000.0,850,3240,리뷰 총점10.0 정보 더 보기/감추기 종이책 리뷰 (0건) eBook 리뷰 (0건) 종이책 한줄평 (1건) eBook 한줄평 (0건),,2026,6,10.0,0.0,0.0,1.0,0.0,1.0
187,191479969,도서,어린이를 위한 배경지식 도감,김문영 저,청림Life,2026년 06월,10,15300,17000.0,850,12279,리뷰 총점10.0 정보 더 보기/감추기 종이책 리뷰 (20건) eBook 리뷰 (0건) 종이책 한줄평 (2건) eBook 한줄평 (0건),,2026,6,10.0,20.0,0.0,2.0,0.0,22.0
188,190215201,도서,멜로우TV 팀나빠 1,멜로우 TV 원저/안경순 글/쓰리포 그림,학산키즈,2026년 05월,10,15120,16800.0,840,120438,리뷰 총점9.8 정보 더 보기/감추기 종이책 리뷰 (14건) eBook 리뷰 (0건) 종이책 한줄평 (10건) eBook 한줄평 (0건),,2026,5,9.8,14.0,0.0,10.0,0.0,24.0
189,190211075,도서,브로콜리지만 사랑받고 싶어: 두 번째 이야기,달다름 글/서영 그림,키다리,2026년 06월,10,13500,15000.0,750,34362,리뷰 총점10.0 정보 더 보기/감추기 종이책 리뷰 (12건) eBook 리뷰 (0건) 종이책 한줄평 (2건) eBook 한줄평 (0건),,2026,6,10.0,12.0,0.0,2.0,0.0,14.0
190,189854087,도서,혼자서도 잘하는 한글 단어 쓰기 100 1권,길벗놀이학습연구소 글/김희정 그림,길벗스쿨,2026년 05월,10,7650,8500.0,420,12831,리뷰 총점9.9 정보 더 보기/감추기 종이책 리뷰 (38건) eBook 리뷰 (0건) 종이책 한줄평 (0건) eBook 한줄평 (0건),,2026,5,9.9,38.0,0.0,0.0,0.0,38.0
191,188010888,도서,AI 이후의 미래 어떻게 될 것인가,제이슨 솅커 저/김익성 역,더페이지,2026년 05월,10,16920,18800.0,940,31605,리뷰 총점9.8 정보 더 보기/감추기 종이책 리뷰 (35건) eBook 리뷰 (0건) 종이책 한줄평 (0건) eBook 한줄평 (0건),,2026,5,9.8,35.0,0.0,0.0,0.0,35.0
192,186502789,도서,심리학은 어떻게 삶의 무기가 되는가,한소원 저,스몰빅라이프,2026년 05월,10,16920,18800.0,940,31962,리뷰 총점9.8 정보 더 보기/감추기 종이책 리뷰 (15건) eBook 리뷰 (0건) 종이책 한줄평 (12건) eBook 한줄평 (1건),,2026,5,9.8,15.0,0.0,12.0,1.0,28.0
193,178054374,도서,세종의 나라 1,김진명 저,이타북스,2026년 02월,10,19800,22000.0,1100,70587,리뷰 총점9.4 정보 더 보기/감추기 종이책 리뷰 (31건) eBook 리뷰 (1건) 종이책 한줄평 (14건) eBook 한줄평 (1건),,2026,2,9.4,31.0,1.0,14.0,1.0,47.0
194,173082175,도서,나의 완벽한 장례식,조현선 저,북로망스,2026년 01월,10,17100,19000.0,950,168213,리뷰 총점9.2 정보 더 보기/감추기 종이책 리뷰 (102건) eBook 리뷰 (0건) 종이책 한줄평 (67건) eBook 한줄평 (10건),,2026,1,9.2,102.0,0.0,67.0,10.0,179.0
195,167503385,도서,자본주의 시대에서 살아남기 위한 최소한의 경제 공부,백억남(김욱현) 저,하이스트,2025년 12월,10,25200,28000.0,1400,176523,리뷰 총점9.7 정보 더 보기/감추기 종이책 리뷰 (35건) eBook 리뷰 (1건) 종이책 한줄평 (50건) eBook 한줄평 (0건),,2025,12,9.7,35.0,1.0,50.0,0.0,86.0
196,146692900,도서,한 권으로 끝내는 해커스 토익 800+ (LC+RC+VOCA),해커스 어학연구소 저,해커스어학연구소,2025년 05월,10,15930,17700.0,880,69651,리뷰 총점9.6 정보 더 보기/감추기 종이책 리뷰 (46건) eBook 리뷰 (0건) 종이책 한줄평 (15건) eBook 한줄평 (1건),,2025,5,9.6,46.0,0.0,15.0,1.0,62.0
197,142876017,도서,듀얼 브레인,이선 몰릭 저/신동숙 역,상상스퀘어,2025년 03월,10,18900,21000.0,1050,137229,리뷰 총점8.7 정보 더 보기/감추기 종이책 리뷰 (89건) eBook 리뷰 (11건) 종이책 한줄평 (109건) eBook 한줄평 (24건),,2025,3,8.7,89.0,11.0,109.0,24.0,233.0
198,139853780,도서,김재우의 기초 영어회화 100,김재우 저,상상스퀘어,2024년 12월,10,17010,18900.0,940,100848,리뷰 총점9.7 정보 더 보기/감추기 종이책 리뷰 (50건) eBook 리뷰 (7건) 종이책 한줄평 (70건) eBook 한줄평 (10건),,2024,12,9.7,50.0,7.0,70.0,10.0,137.0
199,126120766,도서,제철 행복,김신지 저,인플루엔셜,2024년 04월,10,16020,17800.0,890,89658,리뷰 총점9.9 정보 더 보기/감추기 종이책 리뷰 (101건) eBook 리뷰 (0건) 종이책 한줄평 (84건) eBook 한줄평 (3건),,2024,4,9.9,101.0,0.0,84.0,3.0,188.0
200,110329834,도서,ETS 토익 단기공략 850+ (LC+RC),ETS 저,YBM(와이비엠),2022년 06월,10,17550,19500.0,970,44832,리뷰 총점9.7 정보 더 보기/감추기 종이책 리뷰 (81건) eBook 리뷰 (0건) 종이책 한줄평 (95건) eBook 한줄평 (0건),,2022,6,9.7,81.0,0.0,95.0,0.0,176.0
201,61933303,도서,참을 수 없는 존재의 가벼움,밀란 쿤데라 저/이재룡 역,민음사,2018년 06월,10,15300,17000.0,850,76125,리뷰 총점9.5 정보 더 보기/감추기 종이책 리뷰 (227건) eBook 리뷰 (0건) 종이책 한줄평 (406건) eBook 한줄평 (0건),,2018,6,9.5,227.0,0.0,406.0,0.0,633.0
202,18410503,도서,해커스 보카 Hackers Vocabulary,David Cho 저,해커스어학연구소,2025년 04월,10,15210,16900.0,840,95727,리뷰 총점9.5 정보 더 보기/감추기 종이책 리뷰 (152건) eBook 리뷰 (0건) 종이책 한줄평 (333건) eBook 한줄평 (0건),,2025,4,9.5,152.0,0.0,333.0,0.0,485.0
203,1453555,도서,코스모스,칼 에드워드 세이건 저/홍승수 역,사이언스북스,2004년 12월,10,45000,50000.0,2500,29934,리뷰 총점9.8 정보 더 보기/감추기 종이책 리뷰 (64건) eBook 리뷰 (0건) 종이책 한줄평 (114건) eBook 한줄평 (0건),,2004,12,9.8,64.0,0.0,114.0,0.0,178.0
204,204300,도서,호밀밭의 파수꾼,제롬 데이비드 샐린저 저/정영목 역,민음사,2023년 01월,10,10800,12000.0,600,47925,리뷰 총점8.7 정보 더 보기/감추기 종이책 리뷰 (557건) eBook 리뷰 (0건) 종이책 한줄평 (334건) eBook 한줄평 (0건),,2023,1,8.7,557.0,0.0,334.0,0.0,891.0
205,116586303,도서,급류,정대건 저,민음사,2022년 12월,10,12600,14000.0,700,207471,리뷰 총점8.7 정보 더 보기/감추기 종이책 리뷰 (244건) eBook 리뷰 (30건) 종이책 한줄평 (282건) eBook 한줄평 (121건),,2022,12,8.7,244.0,30.0,282.0,121.0,677.0
206,192469320,도서,망설임은 스스로를 베는 가장 날카로운 칼이다,항우 저,블랙라벨,2026년 06월,10,16020,17800.0,890,960,,,2026,6,,0.0,0.0,0.0,0.0,0.0
207,192108014,만화,나츠메 우인장 32,미도리카와 유키 글그림,학산문화사,2026년 06월,10,5400,6000.0,300,11505,리뷰 총점2.0 정보 더 보기/감추기 종이책 리뷰 (0건) eBook 리뷰 (0건) 종이책 한줄평 (4건) eBook 한줄평 (0건),,2026,6,2.0,0.0,0.0,4.0,0.0,4.0
208,191892731,도서,2026 2차 대비 강해준 경찰학 파이널 모의고사 60일 작전,강해준 편저,혜강,2026년 06월,10,24300,27000.0,1350,8970,,,2026,6,,0.0,0.0,0.0,0.0,0.0
209,191889578,도서,압록강은 흐른다,이미륵 저/안삼환 역,민음사,2026년 06월,10,12600,14000.0,700,9486,리뷰 총점10.0 정보 더 보기/감추기 종이책 리뷰 (0건) eBook 리뷰 (0건) 종이책 한줄평 (1건) eBook 한줄평 (0건),,2026,6,10.0,0.0,0.0,1.0,0.0,1.0
210,189608229,도서,천만 원으로 시작해 매달 500만 원 받는 ETF 월배당머신,"평온, 김지형 저",이나우스북스,2026년 05월,10,20700,23000.0,1150,37665,리뷰 총점9.9 정보 더 보기/감추기 종이책 리뷰 (94건) eBook 리뷰 (0건) 종이책 한줄평 (5건) eBook 한줄평 (0건),,2026,5,9.9,94.0,0.0,5.0,0.0,99.0
211,186638310,도서,처음 읽는 삼국지 4,이문열 글/한현동 그림/윤종문 편,미래엔아이세움,2026년 04월,10,15120,16800.0,840,47349,리뷰 총점10.0 정보 더 보기/감추기 종이책 리뷰 (74건) eBook 리뷰 (0건) 종이책 한줄평 (17건) eBook 한줄평 (0건),,2026,4,10.0,74.0,0.0,17.0,0.0,91.0
212,183199243,도서,바다에서 온 소년,개럿 카 저/이은선 역,북파머스,2026년 04월,10,17820,19800.0,990,56856,리뷰 총점9.3 정보 더 보기/감추기 종이책 리뷰 (37건) eBook 리뷰 (0건) 종이책 한줄평 (22건) eBook 한줄평 (0건),,2026,4,9.3,37.0,0.0,22.0,0.0,59.0
213,168226997,도서,진보를 위한 주식투자,이광수 저,21세기북스,2025년 12월,10,19800,22000.0,1100,328095,리뷰 총점8.7 정보 더 보기/감추기 종이책 리뷰 (66건) eBook 리뷰 (4건) 종이책 한줄평 (126건) eBook 한줄평 (27건),,2025,12,8.7,66.0,4.0,126.0,27.0,223.0
214,148068039,도서,류수영의 평생 레시피,류수영 저,세미콜론,2025년 06월,10,22500,25000.0,1250,363435,리뷰 총점9.6 정보 더 보기/감추기 종이책 리뷰 (223건) eBook 리뷰 (0건) 종이책 한줄평 (213건) eBook 한줄평 (0건),,2025,6,9.6,223.0,0.0,213.0,0.0,436.0
215,126590468,도서,초역 부처의 말,코이케 류노스케 저/박재현 역,포레스트북스,2024년 05월,10,16020,17800.0,890,191217,리뷰 총점9.5 정보 더 보기/감추기 종이책 리뷰 (292건) eBook 리뷰 (18건) 종이책 한줄평 (375건) eBook 한줄평 (55건),,2024,5,9.5,292.0,18.0,375.0,55.0,740.0
216,125183742,도서,뿐이 토핑 이유식,정주희 저/이수진 감수,서사원,2024년 03월,10,26820,29800.0,1490,74460,리뷰 총점9.6 정보 더 보기/감추기 종이책 리뷰 (95건) eBook 리뷰 (1건) 종이책 한줄평 (59건) eBook 한줄평 (0건),,2024,3,9.6,95.0,1.0,59.0,0.0,155.0
217,125085536,도서,쇼펜하우어 인생수업 (30만 부 기념 개정증보판),아르투어 쇼펜하우어 저/김지민 편,하이스트,2024년 02월,10,15750,17500.0,870,132834,리뷰 총점8.9 정보 더 보기/감추기 종이책 리뷰 (88건) eBook 리뷰 (0건) 종이책 한줄평 (124건) eBook 한줄평 (5건),,2024,2,8.9,88.0,0.0,124.0,5.0,217.0
218,120469483,도서,[예스리커버] 결혼·여름 (노을 에디션),알베르 까뮈 저/장소미 역,녹색광선,2023년 08월,10,19800,22000.0,1100,26238,리뷰 총점9.7 정보 더 보기/감추기 종이책 리뷰 (20건) eBook 리뷰 (0건) 종이책 한줄평 (51건) eBook 한줄평 (0건),,2023,8,9.7,20.0,0.0,51.0,0.0,71.0
219,103952369,도서,초판본 어린왕자,앙투안 드 생텍쥐페리 저/김미정 역,더스토리,2021년 10월,10,2700,2990.0,140,80982,리뷰 총점9.9 정보 더 보기/감추기 종이책 리뷰 (37건) eBook 리뷰 (0건) 종이책 한줄평 (53건) eBook 한줄평 (0건),,2021,10,9.9,37.0,0.0,53.0,0.0,90.0
220,102502665,도서,해커스 일본어 첫걸음 : 일본어 기초 20일 독학 완성!,해커스 일본어연구소 저,해커스어학연구소,2024년 05월,10,12510,13900.0,690,167820,리뷰 총점9.6 정보 더 보기/감추기 종이책 리뷰 (144건) eBook 리뷰 (9건) 종이책 한줄평 (211건) eBook 한줄평 (16건),,2024,5,9.6,144.0,9.0,211.0,16.0,380.0
221,72127217,도서,나는 소망한다 내게 금지된 것을,양귀자 저,쓰다,2019년 04월,10,13500,15000.0,750,107514,리뷰 총점9.6 정보 더 보기/감추기 종이책 리뷰 (277건) eBook 리뷰 (0건) 종이책 한줄평 (398건) eBook 한줄평 (0건),,2019,4,9.6,277.0,0.0,398.0,0.0,675.0
222,402246,도서,오만과 편견,제인 오스틴 저,민음사,2003년 09월,10,11700,13000.0,650,63123,리뷰 총점9.3 정보 더 보기/감추기 종이책 리뷰 (302건) eBook 리뷰 (57건) 종이책 한줄평 (246건) eBook 한줄평 (95건),,2003,9,9.3,302.0,57.0,246.0,95.0,700.0
223,372300,도서,1984,조지 오웰 저/정회성 역,민음사,2003년 06월,10,9900,11000.0,550,100377,리뷰 총점9.6 정보 더 보기/감추기 종이책 리뷰 (299건) eBook 리뷰 (25건) 종이책 한줄평 (336건) eBook 한줄평 (52건),,2003,6,9.6,299.0,25.0,336.0,52.0,712.0
224,17352,도서,동물농장,조지 오웰 저/도정일 역,민음사,2001년 02월,10,7200,8000.0,400,72885,리뷰 총점9.6 정보 더 보기/감추기 종이책 리뷰 (368건) eBook 리뷰 (27건) 종이책 한줄평 (364건) eBook 한줄평 (54건),,2001,2,9.6,368.0,27.0,364.0,54.0,813.0
225,191477739,도서,화성에 도시를 세운다면,"잭 와이너스미스, 켈리 와이너스미스 저/지웅배 역",알에이치코리아(RHK),2026년 06월,10,26820,29800.0,1490,16584,리뷰 총점10.0 정보 더 보기/감추기 종이책 리뷰 (5건) eBook 리뷰 (0건) 종이책 한줄평 (1건) eBook 한줄평 (0건),,2026,6,10.0,5.0,0.0,1.0,0.0,6.0
226,192468427,만화,너를 사랑하는 살인귀 1,아키야마 엔마 글그림,YNKMEDIA,2026년 06월,10,5400,6000.0,300,2970,,,2026,6,,0.0,0.0,0.0,0.0,0.0
227,191817199,만화,슈퍼 뒤에서 담배 피우는 두 사람 8 특별판,지누시 글그림/김성래 역,디앤씨미디어(D&C미디어),2026년 06월,10,23400,26000.0,1300,35982,,,2026,6,,0.0,0.0,0.0,0.0,0.0
228,189855227,도서,혼자서도 잘하는 한글 단어 쓰기 100 2권,길벗놀이학습연구소 글/김희정 그림,길벗스쿨,2026년 05월,10,7650,8500.0,420,10956,리뷰 총점10.0 정보 더 보기/감추기 종이책 리뷰 (29건) eBook 리뷰 (0건) 종이책 한줄평 (0건) eBook 한줄평 (0건),,2026,5,10.0,29.0,0.0,0.0,0.0,29.0
229,189850868,도서,설민석의 한국사 대모험 37,"설민석, 남이담 글/정현희 그림/강석화 감수",단꿈아이,2026년 05월,10,14400,16000.0,800,42468,리뷰 총점9.9 정보 더 보기/감추기 종이책 리뷰 (43건) eBook 리뷰 (0건) 종이책 한줄평 (115건) eBook 한줄평 (0건),,2026,5,9.9,43.0,0.0,115.0,0.0,158.0
230,189658085,만화,향기로운 꽃은 늠름하게 핀다 20 더블특전판,미카미 사카 글그림,대원,2026년 05월,10,5400,6000.0,300,47313,리뷰 총점9.8 정보 더 보기/감추기 종이책 리뷰 (14건) eBook 리뷰 (0건) 종이책 한줄평 (29건) eBook 한줄평 (0건),,2026,5,9.8,14.0,0.0,29.0,0.0,43.0
231,188187996,도서,2026 김건호 헌법 찐합격노트,김건호 편저,(주)박영사,2026년 05월,0,35000,35000.0,1050,10716,리뷰 총점8.9 정보 더 보기/감추기 종이책 리뷰 (3건) eBook 리뷰 (0건) 종이책 한줄평 (5건) eBook 한줄평 (1건),,2026,5,8.9,3.0,0.0,5.0,1.0,9.0
232,188173768,도서,가짜 환자,김현아 저,창비,2026년 04월,10,16200,18000.0,900,16092,리뷰 총점9.7 정보 더 보기/감추기 종이책 리뷰 (15건) eBook 리뷰 (0건) 종이책 한줄평 (3건) eBook 한줄평 (0건),,2026,4,9.7,15.0,0.0,3.0,0.0,18.0
233,187951535,도서,다시 오고 싶은 나라,전형주 저,새빛,2026년 05월,10,17100,19000.0,950,35526,리뷰 총점10.0 정보 더 보기/감추기 종이책 리뷰 (22건) eBook 리뷰 (0건) 종이책 한줄평 (37건) eBook 한줄평 (0건),,2026,5,10.0,22.0,0.0,37.0,0.0,59.0
234,169651351,도서,11일에 완성하는 서경석의 다이어트 한국사능력검정시험 심화(1·2·3급),서경석 저/김유선 감수,다락원,2026년 01월,10,18000,20000.0,1000,41514,리뷰 총점9.8 정보 더 보기/감추기 종이책 리뷰 (32건) eBook 리뷰 (0건) 종이책 한줄평 (26건) eBook 한줄평 (0건),,2026,1,9.8,32.0,0.0,26.0,0.0,58.0
235,168642454,도서,2026 시대에듀 한국실용글쓰기 실제 기출로 끝내기,"이원근, 김슬옹 편저",시대에듀,2026년 02월,10,18000,20000.0,1000,41367,리뷰 총점9.2 정보 더 보기/감추기 종이책 리뷰 (29건) eBook 리뷰 (1건) 종이책 한줄평 (14건) eBook 한줄평 (1건),,2026,2,9.2,29.0,1.0,14.0,1.0,45.0
236,167502878,도서,2026 위포트 공기업 NCS 통합기본서 (PSAT형+모듈형+피듈형+실전 모의고사),위포트 연구소 저,위포트,2026년 02월,10,24300,27000.0,1350,45405,리뷰 총점9.9 정보 더 보기/감추기 종이책 리뷰 (215건) eBook 리뷰 (0건) 종이책 한줄평 (16건) eBook 한줄평 (0건),,2026,2,9.9,215.0,0.0,16.0,0.0,231.0
237,162366854,도서,해커스 Updated 토플 리딩 (Hackers Updated TOEFL READING),"해커스 어학연구소, David Cho 저",해커스어학연구소,2025년 11월,10,26100,29000.0,1450,51225,리뷰 총점10.0 정보 더 보기/감추기 종이책 리뷰 (15건) eBook 리뷰 (0건) 종이책 한줄평 (8건) eBook 한줄평 (0건),,2025,11,10.0,15.0,0.0,8.0,0.0,23.0
238,122103181,도서,최민준의 아들코칭 백과,최민준 저,위즈덤하우스,2023년 08월,10,16920,18800.0,940,31752,리뷰 총점9.9 정보 더 보기/감추기 종이책 리뷰 (115건) eBook 리뷰 (4건) 종이책 한줄평 (105건) eBook 한줄평 (8건),,2023,8,9.9,115.0,4.0,105.0,8.0,232.0
239,119700269,도서,아몬드 (청소년판),손원평 저,다즐링,2023년 07월,10,15120,16800.0,840,94356,리뷰 총점9.6 정보 더 보기/감추기 종이책 리뷰 (93건) eBook 리뷰 (0건) 종이책 한줄평 (97건) eBook 한줄평 (0건),,2023,7,9.6,93.0,0.0,97.0,0.0,190.0
240,106211628,도서,"어서 오세요, 휴남동 서점입니다",황보름 저,클레이하우스,2022년 01월,10,13500,15000.0,750,21693,리뷰 총점9.4 정보 더 보기/감추기 종이책 리뷰 (219건) eBook 리뷰 (210건) 종이책 한줄평 (342건) eBook 한줄평 (412건),,2022,1,9.4,219.0,210.0,342.0,412.0,1183.0
241,105853213,도서,한 권으로 끝내는 해커스 토익 700+ (LC+RC+VOCA),해커스 어학연구소 저,해커스어학연구소,2025년 01월,10,17820,19800.0,990,66825,리뷰 총점9.6 정보 더 보기/감추기 종이책 리뷰 (110건) eBook 리뷰 (3건) 종이책 한줄평 (100건) eBook 한줄평 (4건),,2025,1,9.6,110.0,3.0,100.0,4.0,217.0
242,105526047,도서,물고기는 존재하지 않는다,룰루 밀러 저/정지인 역,곰출판,2021년 12월,10,15300,17000.0,850,65808,리뷰 총점9.0 정보 더 보기/감추기 종이책 리뷰 (512건) eBook 리뷰 (93건) 종이책 한줄평 (665건) eBook 한줄평 (434건),,2021,12,9.0,512.0,93.0,665.0,434.0,1704.0
243,103495056,도서,작별하지 않는다,한강 저,문학동네,2021년 09월,10,15120,16800.0,840,138840,리뷰 총점9.6 정보 더 보기/감추기 종이책 리뷰 (890건) eBook 리뷰 (271건) 종이책 한줄평 (968건) eBook 한줄평 (441건),,2021,9,9.6,890.0,271.0,968.0,441.0,2570.0
244,102791425,도서,홍학의 자리,정해연 저,엘릭시르,2026년 03월,10,12600,14000.0,700,95082,리뷰 총점9.2 정보 더 보기/감추기 종이책 리뷰 (305건) eBook 리뷰 (171건) 종이책 한줄평 (346건) eBook 한줄평 (357건),,2026,3,9.2,305.0,171.0,346.0,357.0,1179.0
245,79297023,도서,데일 카네기 인간관계론 (50만부 돌파 초판 무삭제 완역본),데일 카네기 저/임상훈 역,현대지성,2019년 10월,10,10350,11500.0,580,139554,리뷰 총점9.6 정보 더 보기/감추기 종이책 리뷰 (526건) eBook 리뷰 (12건) 종이책 한줄평 (529건) eBook 한줄평 (22건),,2019,10,9.6,526.0,12.0,529.0,22.0,1089.0
246,29078325,도서,할머니의 여름휴가,안녕달 글그림,창비,2016년 07월,10,14220,15800.0,790,25113,리뷰 총점9.7 정보 더 보기/감추기 종이책 리뷰 (91건) eBook 리뷰 (0건) 종이책 한줄평 (154건) eBook 한줄평 (0건),,2016,7,9.7,91.0,0.0,154.0,0.0,245.0
247,6157159,도서,노인과 바다,어네스트 밀러 헤밍웨이 저/김욱동 역,민음사,2012년 01월,10,7200,8000.0,400,57636,리뷰 총점9.5 정보 더 보기/감추기 종이책 리뷰 (131건) eBook 리뷰 (24건) 종이책 한줄평 (185건) eBook 한줄평 (39건),,2012,1,9.5,131.0,24.0,185.0,39.0,379.0
248,192292257,도서,서른의 불안을 다루는 법,김용하 저,헤이북스,2026년 07월,10,18000,20000.0,1000,6300,리뷰 총점10.0 정보 더 보기/감추기 종이책 리뷰 (1건) eBook 리뷰 (0건) 종이책 한줄평 (1건) eBook 한줄평 (0건),,2026,7,10.0,1.0,0.0,1.0,0.0,2.0
249,191855277,도서,피클의 사주명리 실전,조재렬 저,책과나무,2026년 06월,10,25200,28000.0,1400,2232,,,2026,6,,0.0,0.0,0.0,0.0,0.0
250,191182412,도서,슈퍼 코딱지 히어로 1,박세랑 글그림,FIKAJUNIOR(피카주니어),2026년 06월,10,15120,16800.0,840,3540,리뷰 총점10.0 정보 더 보기/감추기 종이책 리뷰 (3건) eBook 리뷰 (0건) 종이책 한줄평 (4건) eBook 한줄평 (0건),,2026,6,10.0,3.0,0.0,4.0,0.0,7.0
251,190876600,도서,달러 역설,오태민 저,헤리티지북스,2026년 06월,10,25200,28000.0,1400,31617,,,2026,6,,0.0,0.0,0.0,0.0,0.0
252,189818905,도서,하네스 엔지니어링 with 클로드 코드,황민호 저,한빛미디어,2026년 06월,10,27000,30000.0,1500,20961,리뷰 총점9.8 정보 더 보기/감추기 종이책 리뷰 (2건) eBook 리뷰 (1건) 종이책 한줄평 (7건) eBook 한줄평 (0건),,2026,6,9.8,2.0,1.0,7.0,0.0,10.0
253,189508919,도서,다잇소 잡화점,박현숙 글/박혜림 그림,창비교육,2026년 05월,10,12600,14000.0,700,12324,리뷰 총점10.0 정보 더 보기/감추기 종이책 리뷰 (89건) eBook 리뷰 (0건) 종이책 한줄평 (129건) eBook 한줄평 (0건),,2026,5,10.0,89.0,0.0,129.0,0.0,218.0
254,189430821,도서,2026 이유진 군무원 국어 화제의 모의고사,이유진 편저,고시동네,2026년 05월,10,18000,20000.0,200,15561,리뷰 총점6.0 정보 더 보기/감추기 종이책 리뷰 (0건) eBook 리뷰 (0건) 종이책 한줄평 (1건) eBook 한줄평 (0건),,2026,5,6.0,0.0,0.0,1.0,0.0,1.0
255,182424060,도서,박태웅의 AI 강의 2026,박태웅 저,한빛비즈,2026년 03월,10,20700,23000.0,1150,70389,리뷰 총점9.7 정보 더 보기/감추기 종이책 리뷰 (64건) eBook 리뷰 (0건) 종이책 한줄평 (28건) eBook 한줄평 (2건),,2026,3,9.7,64.0,0.0,28.0,2.0,94.0
256,171435916,도서,개소리에 대하여,해리 G. 프랭크퍼트 저/이윤 역,필로소픽,2026년 01월,10,9000,10000.0,500,12600,리뷰 총점9.3 정보 더 보기/감추기 종이책 리뷰 (1건) eBook 리뷰 (0건) 종이책 한줄평 (2건) eBook 한줄평 (0건),,2026,1,9.3,1.0,0.0,2.0,0.0,3.0
257,162987037,도서,정승제의 수학 대모험 1,"설민석, 조영선 글/최진규, 박지영 그림/정승제 감수",단꿈아이,2025년 11월,10,14400,16000.0,800,54345,리뷰 총점9.9 정보 더 보기/감추기 종이책 리뷰 (56건) eBook 리뷰 (0건) 종이책 한줄평 (141건) eBook 한줄평 (0건),,2025,11,9.9,56.0,0.0,141.0,0.0,197.0
258,128266166,도서,너에게 들려주는 단단한 말,김종원 저,퍼스트펭귄,2024년 07월,10,16200,18000.0,900,143577,리뷰 총점9.8 정보 더 보기/감추기 종이책 리뷰 (158건) eBook 리뷰 (0건) 종이책 한줄평 (215건) eBook 한줄평 (2건),,2024,7,9.8,158.0,0.0,215.0,2.0,375.0
259,126646941,도서,행복의 기원,서은국 저,21세기북스,2024년 05월,10,19800,22000.0,1100,54831,리뷰 총점9.6 정보 더 보기/감추기 종이책 리뷰 (94건) eBook 리뷰 (3건) 종이책 한줄평 (77건) eBook 한줄평 (78건),,2024,5,9.6,94.0,3.0,77.0,78.0,252.0
260,122758298,도서,영혼이 강한 아이로 키워라,조선미 저,북하우스,2023년 10월,10,15750,17500.0,870,34704,리뷰 총점9.9 정보 더 보기/감추기 종이책 리뷰 (63건) eBook 리뷰 (0건) 종이책 한줄평 (29건) eBook 한줄평 (1건),,2023,10,9.9,63.0,0.0,29.0,1.0,93.0
261,72158875,도서,페인트,이희영 저,창비,2019년 04월,10,13500,15000.0,750,48591,리뷰 총점9.5 정보 더 보기/감추기 종이책 리뷰 (214건) eBook 리뷰 (0건) 종이책 한줄평 (313건) eBook 한줄평 (1건),,2019,4,9.5,214.0,0.0,313.0,1.0,528.0
262,44499829,도서,노르웨이의 숲,무라카미 하루키 저/양억관 역,민음사,2017년 08월,10,15300,17000.0,850,87573,리뷰 총점9.2 정보 더 보기/감추기 종이책 리뷰 (196건) eBook 리뷰 (30건) 종이책 한줄평 (378건) eBook 한줄평 (83건),,2017,8,9.2,196.0,30.0,378.0,83.0,687.0
263,11081680,도서,자본주의,"EBS 〈자본주의〉제작팀, 정지은, 고희정 저/EBS MEDIA 기획",가나출판사,2013년 09월,10,19800,22000.0,1100,90762,리뷰 총점9.5 정보 더 보기/감추기 종이책 리뷰 (262건) eBook 리뷰 (43건) 종이책 한줄평 (393건) eBook 한줄평 (343건),,2013,9,9.5,262.0,43.0,393.0,343.0,1041.0
264,192110553,도서,비트스플릿,"박성현, 임수현, 젯셋캣 저",모루,2026년 06월,10,18900,21000.0,1050,18444,리뷰 총점10.0 정보 더 보기/감추기 종이책 리뷰 (0건) eBook 리뷰 (0건) 종이책 한줄평 (2건) eBook 한줄평 (0건),,2026,6,10.0,0.0,0.0,2.0,0.0,2.0
265,192088560,만화,마남 이치 5 트리플 특전판,니시 오사무 원저/시로 우사자키 글그림/유유리 역,서울미디어코믹스(서울문화사),2026년 06월,10,6300,7000.0,350,16827,리뷰 총점10.0 정보 더 보기/감추기 종이책 리뷰 (1건) eBook 리뷰 (0건) 종이책 한줄평 (1건) eBook 한줄평 (0건),,2026,6,10.0,1.0,0.0,1.0,0.0,2.0
266,192026591,도서,네모로직 탐정단 1,"이람이, 김경래 글/지은 그림",다산어린이,2026년 06월,10,12600,14000.0,700,6252,리뷰 총점10.0 정보 더 보기/감추기 종이책 리뷰 (6건) eBook 리뷰 (0건) 종이책 한줄평 (0건) eBook 한줄평 (0건),,2026,6,10.0,6.0,0.0,0.0,0.0,6.0
267,191941801,도서,2026 스티마 면접 지방직(경기도 부록편),스티마 편저,(주)박영사,2026년 06월,0,17000,17000.0,510,2400,,,2026,6,,0.0,0.0,0.0,0.0,0.0
268,191889270,도서,성공 투자를 위한 최소한의 반도체 지식,무니 인사이트(박성문) 저,한국경제신문,2026년 06월,10,19800,22000.0,1100,12102,리뷰 총점9.9 정보 더 보기/감추기 종이책 리뷰 (1건) eBook 리뷰 (0건) 종이책 한줄평 (23건) eBook 한줄평 (0건),,2026,6,9.9,1.0,0.0,23.0,0.0,24.0
269,191707917,도서,2027 PMAA EDU 경찰실무종합 오함마 요약집,오현웅 저,경찰공제회,2026년 06월,0,30000,30000.0,0,7038,,,2026,6,,0.0,0.0,0.0,0.0,0.0
270,191531566,도서,전생했더니 슬라임이었던 건에 대하여 23 한정판,후세 저/밋츠바 그림/이소정 역,소미미디어,2026년 06월,10,29700,33000.0,1650,13464,,,2026,6,,0.0,0.0,0.0,0.0,0.0
271,189795609,도서,수국 찻집,김지안 글그림,창비,2026년 05월,10,15120,16800.0,840,17466,리뷰 총점10.0 정보 더 보기/감추기 종이책 리뷰 (24건) eBook 리뷰 (0건) 종이책 한줄평 (1건) eBook 한줄평 (0건),,2026,5,10.0,24.0,0.0,1.0,0.0,25.0
272,189753703,도서,내 친구의 모든 점,박혜성 글그림,FIKAJUNIOR(피카주니어),2026년 05월,10,15120,16800.0,840,18294,리뷰 총점10.0 정보 더 보기/감추기 종이책 리뷰 (15건) eBook 리뷰 (0건) 종이책 한줄평 (3건) eBook 한줄평 (0건),,2026,5,10.0,15.0,0.0,3.0,0.0,18.0
273,189521501,도서,"골드 휴먼, AI 시대의 새로운 생존법과 부의 철학",재이 저,북바이북,2026년 05월,10,18000,20000.0,1000,14697,리뷰 총점9.3 정보 더 보기/감추기 종이책 리뷰 (29건) eBook 리뷰 (0건) 종이책 한줄평 (2건) eBook 한줄평 (0건),,2026,5,9.3,29.0,0.0,2.0,0.0,31.0
274,187507612,도서,흔한남매 과학 탐험대 17 뇌와 호르몬,"흔한남매 원저/김언정, 송은경 글/김덕영 그림/권경아 감수",주니어김영사,2026년 04월,10,15120,16800.0,840,48873,리뷰 총점10.0 정보 더 보기/감추기 종이책 리뷰 (25건) eBook 리뷰 (0건) 종이책 한줄평 (22건) eBook 한줄평 (0건),,2026,4,10.0,25.0,0.0,22.0,0.0,47.0
275,185891630,도서,"끝까지 해 보자, 때밀이 장갑!",유설화 글그림,책읽는곰,2026년 04월,10,13500,15000.0,750,36393,리뷰 총점10.0 정보 더 보기/감추기 종이책 리뷰 (32건) eBook 리뷰 (0건) 종이책 한줄평 (8건) eBook 한줄평 (0건),,2026,4,10.0,32.0,0.0,8.0,0.0,40.0
276,185705970,도서,다정한 사람이 이긴다 (스페셜 리커버),이해인 저,필름,2026년 04월,10,17100,19000.0,950,152820,리뷰 총점9.2 정보 더 보기/감추기 종이책 리뷰 (99건) eBook 리뷰 (2건) 종이책 한줄평 (52건) eBook 한줄평 (77건),,2026,4,9.2,99.0,2.0,52.0,77.0,230.0
277,184277605,도서,부의 사다리에 올라타라,닉 매기울리 저/박슬라 역,알에이치코리아(RHK),2026년 04월,10,20700,23000.0,1150,55533,리뷰 총점9.8 정보 더 보기/감추기 종이책 리뷰 (16건) eBook 리뷰 (1건) 종이책 한줄평 (6건) eBook 한줄평 (0건),,2026,4,9.8,16.0,1.0,6.0,0.0,23.0
278,183755495,도서,다크 심리학 2,다크 사이드 프로젝트 저,어센딩,2026년 04월,10,21780,24200.0,1210,41016,리뷰 총점9.9 정보 더 보기/감추기 종이책 리뷰 (51건) eBook 리뷰 (0건) 종이책 한줄평 (6건) eBook 한줄평 (0건),,2026,4,9.9,51.0,0.0,6.0,0.0,57.0
279,174971616,도서,명상록,마르쿠스 아우렐리우스 저/그레고리 헤이스 해제/정미화 역,오아시스,2026년 01월,10,16200,18000.0,900,22422,리뷰 총점10.0 정보 더 보기/감추기 종이책 리뷰 (40건) eBook 리뷰 (0건) 종이책 한줄평 (3건) eBook 한줄평 (0건),,2026,1,10.0,40.0,0.0,3.0,0.0,43.0
280,174904384,만화,원피스 ONE PIECE 113,오다 에이이치로 글그림,대원,2026년 01월,10,5850,6500.0,320,50418,리뷰 총점9.9 정보 더 보기/감추기 종이책 리뷰 (55건) eBook 리뷰 (13건) 종이책 한줄평 (95건) eBook 한줄평 (25건),,2026,1,9.9,55.0,13.0,95.0,25.0,188.0
281,169849422,도서,"요즘 교사를 위한 에듀테크 5대장 : 캔바, 패들렛, 북크리에이터, 노션, 챗GPT∙제미나이","안익재, 황의태 저",앤써북,2025년 12월,10,17820,19800.0,990,41040,리뷰 총점10.0 정보 더 보기/감추기 종이책 리뷰 (47건) eBook 리뷰 (0건) 종이책 한줄평 (46건) eBook 한줄평 (0건),,2025,12,10.0,47.0,0.0,46.0,0.0,93.0
282,145361149,도서,연매장,팡팡 저/문현선 역,문학동네,2025년 04월,10,15750,17500.0,870,25044,리뷰 총점9.6 정보 더 보기/감추기 종이책 리뷰 (30건) eBook 리뷰 (2건) 종이책 한줄평 (37건) eBook 한줄평 (8건),,2025,4,9.6,30.0,2.0,37.0,8.0,77.0
283,143612443,도서,저스트.킵.바잉.,닉 매기울리 저/오수원 역/이상건 감수,서삼독,2025년 03월,10,22500,25000.0,1250,34200,리뷰 총점9.4 정보 더 보기/감추기 종이책 리뷰 (107건) eBook 리뷰 (2건) 종이책 한줄평 (99건) eBook 한줄평 (16건),,2025,3,9.4,107.0,2.0,99.0,16.0,224.0
284,134602629,도서,넥서스,유발 하라리 저/김명주 역,김영사,2024년 10월,10,25020,27800.0,1390,110805,리뷰 총점9.2 정보 더 보기/감추기 종이책 리뷰 (160건) eBook 리뷰 (14건) 종이책 한줄평 (234건) eBook 한줄평 (38건),,2024,10,9.2,160.0,14.0,234.0,38.0,446.0
285,125557465,도서,하루 한 장 나의 어휘력을 위한 필사 노트,유선경 저,위즈덤하우스,2024년 10월,10,21420,23800.0,1190,193962,리뷰 총점9.5 정보 더 보기/감추기 종이책 리뷰 (434건) eBook 리뷰 (0건) 종이책 한줄평 (476건) eBook 한줄평 (0건),,2024,10,9.5,434.0,0.0,476.0,0.0,910.0
286,117389523,도서,레버리지,롭 무어 저/김유미 역,다산북스,2023년 02월,10,16200,18000.0,900,54075,리뷰 총점9.1 정보 더 보기/감추기 종이책 리뷰 (136건) eBook 리뷰 (9건) 종이책 한줄평 (181건) eBook 한줄평 (95건),,2023,2,9.1,136.0,9.0,181.0,95.0,421.0
287,107517263,도서,해커스 JLPT(일본어능력시험)기출단어장 N5-N3,해커스 JLPT 연구소 저,해커스어학연구소,2024년 07월,10,12510,13900.0,690,68712,리뷰 총점9.8 정보 더 보기/감추기 종이책 리뷰 (39건) eBook 리뷰 (0건) 종이책 한줄평 (58건) eBook 한줄평 (0건),,2024,7,9.8,39.0,0.0,58.0,0.0,97.0
288,91887697,도서,여름,이디스 워튼 저/김욱동 역,민음사,2020년 08월,10,10800,12000.0,600,44229,리뷰 총점9.1 정보 더 보기/감추기 종이책 리뷰 (51건) eBook 리뷰 (24건) 종이책 한줄평 (80건) eBook 한줄평 (31건),,2020,8,9.1,51.0,24.0,80.0,31.0,186.0
289,42798224,도서,바깥은 여름,김애란 저,문학동네,2017년 06월,10,14400,16000.0,800,61374,리뷰 총점9.2 정보 더 보기/감추기 종이책 리뷰 (247건) eBook 리뷰 (52건) 종이책 한줄평 (453건) eBook 한줄평 (183건),,2017,6,9.2,247.0,52.0,453.0,183.0,935.0
290,27643793,도서,종의 기원,정유정 저,은행나무,2016년 05월,10,15120,16800.0,840,37062,"리뷰 총점9.3 정보 더 보기/감추기 종이책 리뷰 (433건) eBook 리뷰 (53건) 종이책 한줄평 (1,402건) eBook 한줄평 (178건)",,2016,5,9.3,433.0,53.0,1402.0,178.0,2066.0
291,3248548,도서,책과 노니는 집,이영서 글/김동성 그림,문학동네,2009년 01월,10,11250,12500.0,620,33822,리뷰 총점9.6 정보 더 보기/감추기 종이책 리뷰 (170건) eBook 리뷰 (0건) 종이책 한줄평 (182건) eBook 한줄평 (5건),,2009,1,9.6,170.0,0.0,182.0,5.0,357.0
292,192022446,도서,포트폴리오 설계 수업,임현우 저,21세기북스,2026년 06월,10,18000,20000.0,1000,10917,리뷰 총점10.0 정보 더 보기/감추기 종이책 리뷰 (1건) eBook 리뷰 (0건) 종이책 한줄평 (0건) eBook 한줄평 (0건),,2026,6,10.0,1.0,0.0,0.0,0.0,1.0
293,191889475,도서,지적인 삶을 위한 열 가지 철학,오카모토 유이치로 저/곽현아 역,이든서재,2026년 07월,10,17820,19800.0,990,8394,,,2026,7,,0.0,0.0,0.0,0.0,0.0
294,191530271,도서,인간선언 Homo duduri,"김연수, 강화길, 김혜진, 박선우, 장강명 저 외 9명 정보 더 보기/감추기 김연수 강화길 김혜진 박선우 장강명 안태운 유선혜 육호수 이제니 배순탁 원소윤 김은경 소지예 이이오",서울국제도서전,2026년 06월,10,16200,18000.0,900,10263,,,2026,6,,0.0,0.0,0.0,0.0,0.0
295,189410198,도서,너무 진지하게 여기진 말아요,헤르만 헤세 저/배명자 역,피카(FIKA),2026년 05월,10,20700,23000.0,1150,9357,리뷰 총점9.7 정보 더 보기/감추기 종이책 리뷰 (20건) eBook 리뷰 (0건) 종이책 한줄평 (4건) eBook 한줄평 (1건),,2026,5,9.7,20.0,0.0,4.0,1.0,25.0
296,192491691,도서,그리스 로마 신화 51,김정욱 글/최우빈 그림/강대진 감수,아울북,2026년 06월,10,15210,16900.0,840,2940,,,2026,6,,0.0,0.0,0.0,0.0,0.0
297,192469078,도서,재테크농부의 초과수익 투자,재테크농부 저,노티스,2026년 06월,10,20700,23000.0,1150,3360,,,2026,6,,0.0,0.0,0.0,0.0,0.0
298,191700786,도서,2026 2차 대비 김중근 형사법 파이널 모의고사 60일 작전,"김중근, 박병호 저",경찰단기김폴카,2026년 06월,10,27000,30000.0,300,8376,,,2026,6,,0.0,0.0,0.0,0.0,0.0
299,191481165,도서,나를 살리는 음식들,선재 스님 저,나무의마음,2026년 06월,10,20700,23000.0,1150,2424,,,2026,6,,0.0,0.0,0.0,0.0,0.0
300,190973546,도서,다판다 편의점 4,강효미 글/밤코 그림,다산어린이,2026년 06월,10,12600,14000.0,700,25482,리뷰 총점9.7 정보 더 보기/감추기 종이책 리뷰 (18건) eBook 리뷰 (0건) 종이책 한줄평 (5건) eBook 한줄평 (0건),,2026,6,9.7,18.0,0.0,5.0,0.0,23.0
301,190823258,도서,빨간내복야코 안 읽으면 완전 위험한 과학책 5,"빨간내복야코 원저/박종은 글/이영아 그림/홍승범, 샌드박스 네트워크 감수",위즈덤하우스,2026년 06월,10,13500,15000.0,750,17199,리뷰 총점10.0 정보 더 보기/감추기 종이책 리뷰 (17건) eBook 리뷰 (0건) 종이책 한줄평 (2건) eBook 한줄평 (0건),,2026,6,10.0,17.0,0.0,2.0,0.0,19.0
302,189520248,도서,히스토리아 비테이,최재천 저,지식서재,2026년 06월,10,21600,24000.0,1200,7368,리뷰 총점10.0 정보 더 보기/감추기 종이책 리뷰 (8건) eBook 리뷰 (0건) 종이책 한줄평 (2건) eBook 한줄평 (0건),,2026,6,10.0,8.0,0.0,2.0,0.0,10.0
303,189211422,도서,클로드 코드로 시작하는 실전 에이전틱 코딩,Goos Kim 저,더 타이즈,2026년 05월,10,29700,33000.0,1650,25515,리뷰 총점10.0 정보 더 보기/감추기 종이책 리뷰 (9건) eBook 리뷰 (0건) 종이책 한줄평 (2건) eBook 한줄평 (0건),,2026,5,10.0,9.0,0.0,2.0,0.0,11.0
304,189208565,도서,JLPT(일본어능력시험) 한권으로 끝내기 N5,"이치우, 이한나 저",다락원,2026년 05월,10,25200,28000.0,1400,9138,리뷰 총점10.0 정보 더 보기/감추기 종이책 리뷰 (1건) eBook 리뷰 (0건) 종이책 한줄평 (0건) eBook 한줄평 (0건),,2026,5,10.0,1.0,0.0,0.0,0.0,1.0
305,188188554,도서,2027 이유진 국어 독해 알고리즘 기출 분석,이유진 편저,공단기(에스티유니타스),2026년 05월,10,17100,19000.0,190,9684,리뷰 총점10.0 정보 더 보기/감추기 종이책 리뷰 (1건) eBook 리뷰 (0건) 종이책 한줄평 (2건) eBook 한줄평 (0건),,2026,5,10.0,1.0,0.0,2.0,0.0,3.0
306,186703949,도서,스페이스X 일론 머스크,에릭 버거 저/장용원 역/서성현 감수,상상스퀘어,2026년 04월,10,23400,26000.0,1300,26502,리뷰 총점7.6 정보 더 보기/감추기 종이책 리뷰 (3건) eBook 리뷰 (1건) 종이책 한줄평 (5건) eBook 한줄평 (1건),,2026,4,7.6,3.0,1.0,5.0,1.0,10.0
307,181861178,도서,500가지 건축으로 읽는 세계사,소피 콜린스 저/성소희 역/임석재 감수,현대지성,2026년 03월,10,22500,25000.0,1250,25542,리뷰 총점9.6 정보 더 보기/감추기 종이책 리뷰 (35건) eBook 리뷰 (0건) 종이책 한줄평 (9건) eBook 한줄평 (1건),,2026,3,9.6,35.0,0.0,9.0,1.0,45.0
308,170525823,도서,2026 단기 합격 해커스공기업 NCS 통합 기본서(모듈형+피듈형+PSAT형+모의고사 6회분),"윤종혁, 김소원, 김태형, 복지훈, 최수지 저 외 2명 정보 더 보기/감추기 윤종혁 김소원 김태형 복지훈 최수지 김동민 해커스 취업교육연구소",해커스잡,2026년 01월,10,24300,27000.0,1350,45042,리뷰 총점9.9 정보 더 보기/감추기 종이책 리뷰 (26건) eBook 리뷰 (0건) 종이책 한줄평 (5건) eBook 한줄평 (0건),,2026,1,9.9,26.0,0.0,5.0,0.0,31.0
309,167411357,도서,2026 EBS 물류관리사 단기완성,"전표훈, 변달수 편저",신지원,2026년 01월,10,36000,40000.0,2000,9372,리뷰 총점10.0 정보 더 보기/감추기 종이책 리뷰 (10건) eBook 리뷰 (0건) 종이책 한줄평 (12건) eBook 한줄평 (0건),,2026,1,10.0,10.0,0.0,12.0,0.0,22.0
310,162366853,도서,해커스 Updated 토플 리스닝 (Hackers Updated TOEFL LISTENING),"해커스 어학연구소, David Cho 저",해커스어학연구소,2025년 11월,10,29700,33000.0,1650,44589,리뷰 총점9.6 정보 더 보기/감추기 종이책 리뷰 (22건) eBook 리뷰 (0건) 종이책 한줄평 (6건) eBook 한줄평 (0건),,2025,11,9.6,22.0,0.0,6.0,0.0,28.0
311,155058892,도서,가브리엘의 잉글리시 다이어리,Thomas Gabrielle Allanta 저,상상스퀘어,2025년 10월,10,24300,27000.0,1350,71196,리뷰 총점9.8 정보 더 보기/감추기 종이책 리뷰 (22건) eBook 리뷰 (5건) 종이책 한줄평 (29건) eBook 한줄평 (9건),,2025,10,9.8,22.0,5.0,29.0,9.0,65.0
312,154827889,도서,손자병법,손자 저/소준섭 역,현대지성,2025년 10월,10,11700,13000.0,650,146469,리뷰 총점9.7 정보 더 보기/감추기 종이책 리뷰 (185건) eBook 리뷰 (2건) 종이책 한줄평 (77건) eBook 한줄평 (10건),,2025,10,9.7,185.0,2.0,77.0,10.0,274.0
313,154746251,도서,모든 주식을 소유하라 (리커버판),존 보글 저/이은주 역,비즈니스맵,2025년 09월,10,16200,18000.0,900,22608,리뷰 총점9.8 정보 더 보기/감추기 종이책 리뷰 (17건) eBook 리뷰 (0건) 종이책 한줄평 (13건) eBook 한줄평 (0건),,2025,9,9.8,17.0,0.0,13.0,0.0,30.0
314,151066069,도서,2026 이기적 컴퓨터활용능력 1급 필기+실기 올인원,"홍태성, 박윤정 저",영진닷컴,2025년 08월,10,36000,40000.0,2000,14322,리뷰 총점10.0 정보 더 보기/감추기 종이책 리뷰 (16건) eBook 리뷰 (0건) 종이책 한줄평 (2건) eBook 한줄평 (0건),,2025,8,10.0,16.0,0.0,2.0,0.0,18.0
315,147570099,도서,편안함의 습격,마이클 이스터 저/김원진 역,수오서재,2025년 06월,10,19800,22000.0,1100,214596,리뷰 총점9.5 정보 더 보기/감추기 종이책 리뷰 (136건) eBook 리뷰 (3건) 종이책 한줄평 (124건) eBook 한줄평 (15건),,2025,6,9.5,136.0,3.0,124.0,15.0,278.0
316,147348391,도서,한 권으로 끝내는 해커스 토익 900+ (LC+RC+VOCA),해커스 어학연구소 저,해커스어학연구소,2025년 06월,10,15930,17700.0,880,54681,리뷰 총점9.4 정보 더 보기/감추기 종이책 리뷰 (57건) eBook 리뷰 (0건) 종이책 한줄평 (28건) eBook 한줄평 (0건),,2025,6,9.4,57.0,0.0,28.0,0.0,85.0
317,142685984,도서,초판본 싯다르타,헤르만 헤세 저/박진권 역,더스토리,2025년 02월,10,2690,2980.0,140,51036,리뷰 총점9.6 정보 더 보기/감추기 종이책 리뷰 (27건) eBook 리뷰 (0건) 종이책 한줄평 (46건) eBook 한줄평 (0건),,2025,2,9.6,27.0,0.0,46.0,0.0,73.0
318,135360692,도서,"불완전한 삶에 관한, 조금은 다른 이야기",이두형 저,갈매나무,2024년 10월,10,17100,19000.0,950,2802,리뷰 총점9.9 정보 더 보기/감추기 종이책 리뷰 (25건) eBook 리뷰 (0건) 종이책 한줄평 (1건) eBook 한줄평 (0건),,2024,10,9.9,25.0,0.0,1.0,0.0,26.0
319,125558302,도서,알사탕,백희나 글그림,스토리보울,2024년 03월,10,13500,15000.0,750,56487,리뷰 총점9.9 정보 더 보기/감추기 종이책 리뷰 (89건) eBook 리뷰 (0건) 종이책 한줄평 (30건) eBook 한줄평 (0건),,2024,3,9.9,89.0,0.0,30.0,0.0,119.0
320,117958319,도서,우울한 마음도 습관입니다,박상미 저,저녁달,2023년 03월,10,16920,18800.0,940,7788,리뷰 총점9.9 정보 더 보기/감추기 종이책 리뷰 (31건) eBook 리뷰 (0건) 종이책 한줄평 (19건) eBook 한줄평 (1건),,2023,3,9.9,31.0,0.0,19.0,1.0,51.0
321,117527279,도서,해커스 일본어 첫걸음 히라가나 가타카나 쓰기노트,해커스 일본어연구소 저,해커스어학연구소,2024년 06월,10,7200,8000.0,400,95601,리뷰 총점9.9 정보 더 보기/감추기 종이책 리뷰 (57건) eBook 리뷰 (0건) 종이책 한줄평 (80건) eBook 한줄평 (0건),,2024,6,9.9,57.0,0.0,80.0,0.0,137.0
322,105385003,도서,ETS 토익 정기시험 기출입문서 LC 리스닝,ETS 저,YBM(와이비엠),2021년 12월,10,13500,15000.0,750,37590,리뷰 총점9.8 정보 더 보기/감추기 종이책 리뷰 (21건) eBook 리뷰 (0건) 종이책 한줄평 (32건) eBook 한줄평 (0건),,2021,12,9.8,21.0,0.0,32.0,0.0,53.0
323,69240128,도서,체리새우 : 비밀글입니다,황영미 저,문학동네,2019년 01월,10,12150,13500.0,670,65007,리뷰 총점9.6 정보 더 보기/감추기 종이책 리뷰 (203건) eBook 리뷰 (5건) 종이책 한줄평 (382건) eBook 한줄평 (24건),,2019,1,9.6,203.0,5.0,382.0,24.0,614.0
324,24259730,도서,꽃을 보듯 너를 본다,나태주 저,지혜,2015년 06월,10,11700,13000.0,650,96009,리뷰 총점9.5 정보 더 보기/감추기 종이책 리뷰 (269건) eBook 리뷰 (0건) 종이책 한줄평 (679건) eBook 한줄평 (0건),,2015,6,9.5,269.0,0.0,679.0,0.0,948.0
325,15718330,도서,스토너,존 윌리엄스 저/김승욱 역,알에이치코리아(RHK),2015년 01월,10,15120,16800.0,840,130422,리뷰 총점9.4 정보 더 보기/감추기 종이책 리뷰 (300건) eBook 리뷰 (40건) 종이책 한줄평 (309건) eBook 한줄평 (205건),,2015,1,9.4,300.0,40.0,309.0,205.0,854.0
326,192146592,도서,일상주의자의 감각,김이나 저,이야기장수,2026년 06월,10,16200,18000.0,900,4620,,,2026,6,,0.0,0.0,0.0,0.0,0.0
327,188841849,도서,거꾸로 가는 하나님 나라,김지희 저,햇살콩,2026년 05월,10,16200,18000.0,900,39927,리뷰 총점10.0 정보 더 보기/감추기 종이책 리뷰 (6건) eBook 리뷰 (0건) 종이책 한줄평 (2건) eBook 한줄평 (0건),,2026,5,10.0,6.0,0.0,2.0,0.0,8.0
328,192495968,도서,시부야의 초급반,남궁인 저,문학동네,2026년 06월,10,15120,16800.0,840,1320,,,2026,6,,0.0,0.0,0.0,0.0,0.0
329,192492426,도서,"이영도 필사노트 vol.2,3 세트",이영도 저,황금가지,2026년 06월,10,31500,35000.0,1750,6570,,,2026,6,,0.0,0.0,0.0,0.0,0.0
330,192469949,도서,타키 포오 탐정 사무소 7,캐릭온TV 원저/김언정 글/김기수 그림,대원씨아이(단행)(대원키즈),2026년 06월,10,14220,15800.0,790,1620,,,2026,6,,0.0,0.0,0.0,0.0,0.0
331,192094492,도서,신광은 형사법 1개년 최신판례 선택형 OX (26년 2차대비),신광은 편저,느루,2026년 06월,5,16150,17000.0,510,8412,,,2026,6,,0.0,0.0,0.0,0.0,0.0
332,192021301,도서,경매로 빨리 고수익,진성호(아마다군) 저,책과강연,2026년 06월,10,18900,21000.0,1050,4680,리뷰 총점10.0 정보 더 보기/감추기 종이책 리뷰 (4건) eBook 리뷰 (0건) 종이책 한줄평 (4건) eBook 한줄평 (0건),,2026,6,10.0,4.0,0.0,4.0,0.0,8.0
333,191893327,도서,2026 2차 대비 강해준 경찰학 전범위 모의고사,강해준 저,혜강,2026년 06월,10,24300,27000.0,1350,8400,,,2026,6,,0.0,0.0,0.0,0.0,0.0
334,191502410,도서,멜로우 TV 아이돌 시사상식 데뷔 챌린지 ２,"멜로우 TV 원저/남지은 글/쓰리포, 해얌 그림/표수현 감수",학산키즈,2026년 06월,10,13500,15000.0,750,12510,리뷰 총점10.0 정보 더 보기/감추기 종이책 리뷰 (1건) eBook 리뷰 (0건) 종이책 한줄평 (0건) eBook 한줄평 (0건),,2026,6,10.0,1.0,0.0,0.0,0.0,1.0
335,191479726,도서,이게 왜 궁금할 과학,허경석(허석사) 저,빅피시,2026년 06월,10,16920,18800.0,940,3009,리뷰 총점10.0 정보 더 보기/감추기 종이책 리뷰 (11건) eBook 리뷰 (0건) 종이책 한줄평 (1건) eBook 한줄평 (0건),,2026,6,10.0,11.0,0.0,1.0,0.0,12.0
336,191479716,도서,모빌라이즈,"샴 산카르, 매들린 하트 저/방영호 역",경이로움,2026년 06월,10,22500,25000.0,1250,4614,,,2026,6,,0.0,0.0,0.0,0.0,0.0
337,190805345,도서,정승제의 수학 대모험 3,"조영선, 설민석 글/재담웹툰랩 그림/정승제 감수",단꿈아이,2026년 06월,10,14400,16000.0,800,36012,리뷰 총점10.0 정보 더 보기/감추기 종이책 리뷰 (41건) eBook 리뷰 (0건) 종이책 한줄평 (124건) eBook 한줄평 (0건),,2026,6,10.0,41.0,0.0,124.0,0.0,165.0
338,190212886,도서,어린 검사,허교범 글/현단 그림,위즈덤하우스,2026년 05월,10,13500,15000.0,750,10671,리뷰 총점9.9 정보 더 보기/감추기 종이책 리뷰 (38건) eBook 리뷰 (0건) 종이책 한줄평 (0건) eBook 한줄평 (0건),,2026,5,9.9,38.0,0.0,0.0,0.0,38.0
339,189592446,도서,불꽃놀이,매슈 버제스 글/카티아 친 그림/김지은 역,신나는원숭이,2026년 05월,10,16650,18500.0,920,14019,리뷰 총점10.0 정보 더 보기/감추기 종이책 리뷰 (22건) eBook 리뷰 (0건) 종이책 한줄평 (1건) eBook 한줄평 (0건),,2026,5,10.0,22.0,0.0,1.0,0.0,23.0
340,189231979,도서,체력을 바꿔야 재력이 바뀐다,정주영 저,메가믹스스튜디오,2026년 05월,10,18900,21000.0,1050,22482,리뷰 총점9.9 정보 더 보기/감추기 종이책 리뷰 (11건) eBook 리뷰 (0건) 종이책 한줄평 (4건) eBook 한줄평 (0건),,2026,5,9.9,11.0,0.0,4.0,0.0,15.0
341,189190280,도서,2027 이유진 국어 독해 알고리즘 개념 훈련,이유진 편저,공단기(에스티유니타스),2026년 05월,10,20700,23000.0,230,9366,리뷰 총점10.0 정보 더 보기/감추기 종이책 리뷰 (2건) eBook 리뷰 (0건) 종이책 한줄평 (0건) eBook 한줄평 (0건),,2026,5,10.0,2.0,0.0,0.0,0.0,2.0
342,189184342,도서,2027 써니 행정법총론 행정법으로의 초대,박준철 편저,공단기(에스티유니타스),2026년 05월,10,4500,5000.0,50,20460,리뷰 총점10.0 정보 더 보기/감추기 종이책 리뷰 (3건) eBook 리뷰 (0건) 종이책 한줄평 (6건) eBook 한줄평 (0건),,2026,5,10.0,3.0,0.0,6.0,0.0,9.0
343,189118061,도서,나는 절대 갑옷을 벗지 않아,그레구아르 라포르세 글/샤를로트 파랑 그림/김경희 역,FIKAJUNIOR(피카주니어),2026년 05월,10,15120,16800.0,840,32064,리뷰 총점9.7 정보 더 보기/감추기 종이책 리뷰 (22건) eBook 리뷰 (0건) 종이책 한줄평 (6건) eBook 한줄평 (0건),,2026,5,9.7,22.0,0.0,6.0,0.0,28.0
344,189041448,도서,2027 선재국어 시간 단축 공문서와 문법 독해,"이선재, 선재국어연구소 편저",공단기(에스티유니타스),2026년 05월,10,12600,14000.0,140,16191,리뷰 총점10.0 정보 더 보기/감추기 종이책 리뷰 (1건) eBook 리뷰 (0건) 종이책 한줄평 (1건) eBook 한줄평 (0건),,2026,5,10.0,1.0,0.0,1.0,0.0,2.0
345,188908082,도서,실수해도 망한 건 아니야,이현아 글/송선옥 그림,우리학교,2026년 05월,10,15300,17000.0,850,29835,리뷰 총점10.0 정보 더 보기/감추기 종이책 리뷰 (65건) eBook 리뷰 (0건) 종이책 한줄평 (18건) eBook 한줄평 (0건),,2026,5,10.0,65.0,0.0,18.0,0.0,83.0
346,185851442,도서,"하루 한 장, 단단한 삶을 위한 고전 필사 노트",김선영 저,현대지성,2026년 04월,10,17910,19900.0,990,33789,리뷰 총점9.9 정보 더 보기/감추기 종이책 리뷰 (14건) eBook 리뷰 (0건) 종이책 한줄평 (4건) eBook 한줄평 (0건),,2026,4,9.9,14.0,0.0,4.0,0.0,18.0
347,181003172,도서,딱 1년만 미쳐라,리치파카(강연주) 저,모티브,2026년 03월,10,17820,19800.0,990,42012,리뷰 총점9.8 정보 더 보기/감추기 종이책 리뷰 (169건) eBook 리뷰 (0건) 종이책 한줄평 (17건) eBook 한줄평 (0건),,2026,3,9.8,169.0,0.0,17.0,0.0,186.0
348,176096598,도서,2026 지텔프 공식 기출문제집 7회분 Level 2,"G-TELP KOREA 문제 제공, 해커스 지텔프연구소 저",챔프스터디,2026년 02월,10,22410,24900.0,240,31212,리뷰 총점9.6 정보 더 보기/감추기 종이책 리뷰 (11건) eBook 리뷰 (0건) 종이책 한줄평 (7건) eBook 한줄평 (0건),,2026,2,9.6,11.0,0.0,7.0,0.0,18.0
349,170370451,도서,악수도 없이 헤어졌다,피천득 저,민음사,2025년 12월,10,13500,15000.0,750,22212,리뷰 총점9.9 정보 더 보기/감추기 종이책 리뷰 (5건) eBook 리뷰 (1건) 종이책 한줄평 (16건) eBook 한줄평 (1건),,2025,12,9.9,5.0,1.0,16.0,1.0,23.0
350,167132030,도서,탁! 깨달음의 대화,법륜 저,정토출판,2025년 11월,10,15300,17000.0,850,66531,리뷰 총점9.9 정보 더 보기/감추기 종이책 리뷰 (19건) eBook 리뷰 (0건) 종이책 한줄평 (252건) eBook 한줄평 (2건),,2025,11,9.9,19.0,0.0,252.0,2.0,273.0
351,162186701,도서,2026 이기적 CPPG 개인정보관리사 기본서,"이제이, 박재웅 저",영진닷컴,2025년 11월,10,34200,38000.0,1900,4803,리뷰 총점10.0 정보 더 보기/감추기 종이책 리뷰 (2건) eBook 리뷰 (0건) 종이책 한줄평 (2건) eBook 한줄평 (1건),,2025,11,10.0,2.0,0.0,2.0,1.0,5.0
352,151791524,도서,2026 해커스군무원 신민숙 쉬운국어 문법∙어휘 한 권으로 끝,신민숙 저,해커스군무원,2025년 08월,10,17100,19000.0,950,17652,리뷰 총점10.0 정보 더 보기/감추기 종이책 리뷰 (15건) eBook 리뷰 (0건) 종이책 한줄평 (9건) eBook 한줄평 (0건),,2025,8,10.0,15.0,0.0,9.0,0.0,24.0
353,150566390,도서,"AI 시대의 질문력, 프롬프트 엔지니어링",류한석 저,코리아닷컴(Korea.com),2025년 08월,10,24300,27000.0,1350,74649,리뷰 총점9.5 정보 더 보기/감추기 종이책 리뷰 (37건) eBook 리뷰 (0건) 종이책 한줄평 (24건) eBook 한줄평 (0건),,2025,8,9.5,37.0,0.0,24.0,0.0,61.0
354,149193308,도서,명랑한 이시봉의 짧고 투쟁 없는 삶,이기호 저,문학동네,2025년 07월,10,17820,19800.0,990,24597,리뷰 총점9.6 정보 더 보기/감추기 종이책 리뷰 (53건) eBook 리뷰 (0건) 종이책 한줄평 (26건) eBook 한줄평 (3건),,2025,7,9.6,53.0,0.0,26.0,3.0,82.0
355,147275066,도서,[예스리커버] 미술관에 간 할미,할미 저,더퀘스트,2025년 06월,10,18900,21000.0,1050,90981,리뷰 총점9.7 정보 더 보기/감추기 종이책 리뷰 (48건) eBook 리뷰 (2건) 종이책 한줄평 (57건) eBook 한줄평 (4건),,2025,6,9.7,48.0,2.0,57.0,4.0,111.0
356,140042426,도서,초판본 하늘과 바람과 별과 시,윤동주 저,더스토리,2024년 12월,10,2700,2990.0,140,111417,리뷰 총점9.9 정보 더 보기/감추기 종이책 리뷰 (62건) eBook 리뷰 (36건) 종이책 한줄평 (86건) eBook 한줄평 (122건),,2024,12,9.9,62.0,36.0,86.0,122.0,306.0
357,129394805,도서,비폭력대화,마셜 로젠버그 저/캐서린 한 역,한국NVC센터,2024년 08월,10,18000,20000.0,1000,39627,리뷰 총점9.9 정보 더 보기/감추기 종이책 리뷰 (20건) eBook 리뷰 (0건) 종이책 한줄평 (10건) eBook 한줄평 (0건),,2024,8,9.9,20.0,0.0,10.0,0.0,30.0
358,128589752,도서,0~3세 기적의 뇌과학 육아,그리어 커센바움 저/이은정 역,21세기북스,2024년 07월,10,18000,20000.0,1000,52041,리뷰 총점10.0 정보 더 보기/감추기 종이책 리뷰 (6건) eBook 리뷰 (0건) 종이책 한줄평 (2건) eBook 한줄평 (1건),,2024,7,10.0,6.0,0.0,2.0,1.0,9.0
359,125692983,도서,패밀리 레스토랑 가자. 上,와야마 야마 글그림/현승희 역,문학동네,2024년 04월,10,7650,8500.0,420,56484,리뷰 총점9.8 정보 더 보기/감추기 종이책 리뷰 (139건) eBook 리뷰 (142건) 종이책 한줄평 (218건) eBook 한줄평 (223건),,2024,4,9.8,139.0,142.0,218.0,223.0,722.0
360,124645703,도서,SQL 자격검정 실전문제,한국데이터진흥원 저,한국데이터산업진흥원,2023년 12월,3,17460,18000.0,0,78294,리뷰 총점9.3 정보 더 보기/감추기 종이책 리뷰 (75건) eBook 리뷰 (0건) 종이책 한줄평 (79건) eBook 한줄평 (0건),,2023,12,9.3,75.0,0.0,79.0,0.0,154.0
361,124622440,도서,시한부,백은별 저,바른북스,2024년 01월,10,15120,16800.0,840,93621,리뷰 총점8.9 정보 더 보기/감추기 종이책 리뷰 (124건) eBook 리뷰 (0건) 종이책 한줄평 (89건) eBook 한줄평 (14건),,2024,1,8.9,124.0,0.0,89.0,14.0,227.0
362,118804984,도서,태양 왕 수바: 수박의 전설,이지은 글그림,웅진주니어,2023년 05월,10,15120,16800.0,840,19584,리뷰 총점9.9 정보 더 보기/감추기 종이책 리뷰 (100건) eBook 리뷰 (0건) 종이책 한줄평 (109건) eBook 한줄평 (0건),,2023,5,9.9,100.0,0.0,109.0,0.0,209.0
363,118578901,도서,구의 증명,최진영 저,은행나무,2023년 04월,10,10800,12000.0,600,87261,리뷰 총점9.0 정보 더 보기/감추기 종이책 리뷰 (286건) eBook 리뷰 (22건) 종이책 한줄평 (383건) eBook 한줄평 (85건),,2023,4,9.0,286.0,22.0,383.0,85.0,776.0
364,116072450,도서,해커스 토익 실전 1000제 1 RC Reading (리딩) 문제집,해커스 어학연구소 저,해커스어학연구소,2024년 08월,10,10710,11900.0,590,35667,리뷰 총점9.7 정보 더 보기/감추기 종이책 리뷰 (44건) eBook 리뷰 (7건) 종이책 한줄평 (52건) eBook 한줄평 (7건),,2024,8,9.7,44.0,7.0,52.0,7.0,110.0
365,109368485,도서,어디 있을까? 숨은그림찾기 1000,레이크 프레스 기획,길벗스쿨,2022년 05월,10,7920,8800.0,440,60678,리뷰 총점9.8 정보 더 보기/감추기 종이책 리뷰 (138건) eBook 리뷰 (0건) 종이책 한줄평 (115건) eBook 한줄평 (0건),,2022,5,9.8,138.0,0.0,115.0,0.0,253.0
366,109308932,도서,세상의 마지막 기차역,무라세 다케시 저/김지연 역,모모,2022년 05월,10,15120,16800.0,840,60276,리뷰 총점9.3 정보 더 보기/감추기 종이책 리뷰 (259건) eBook 리뷰 (1건) 종이책 한줄평 (276건) eBook 한줄평 (54건),,2022,5,9.3,259.0,1.0,276.0,54.0,590.0
367,107666677,도서,부의 인문학 (20만부 기념 개정증보판),브라운스톤(우석) 저,오픈마인드,2022년 03월,10,15300,17000.0,850,63255,리뷰 총점9.0 정보 더 보기/감추기 종이책 리뷰 (84건) eBook 리뷰 (8건) 종이책 한줄평 (114건) eBook 한줄평 (82건),,2022,3,9.0,84.0,8.0,114.0,82.0,288.0
368,105163956,도서,사랑해 사랑해 사랑해,버나뎃 로제티 슈스탁 글/캐롤라인 제인 처치 그림/신형건 역,보물창고,2021년 12월,10,11520,12800.0,640,42561,리뷰 총점9.9 정보 더 보기/감추기 종이책 리뷰 (72건) eBook 리뷰 (0건) 종이책 한줄평 (79건) eBook 한줄평 (0건),,2021,12,9.9,72.0,0.0,79.0,0.0,151.0
369,103668412,도서,몬스터 차일드,이재문 글/김지인 그림,사계절,2021년 09월,10,12420,13800.0,690,64572,리뷰 총점9.8 정보 더 보기/감추기 종이책 리뷰 (82건) eBook 리뷰 (0건) 종이책 한줄평 (88건) eBook 한줄평 (0건),,2021,9,9.8,82.0,0.0,88.0,0.0,170.0
370,89898969,도서,소년과 두더지와 여우와 말,찰리 맥커시 글그림/이진경 역,상상의힘,2020년 04월,10,19800,22000.0,1100,82818,리뷰 총점9.7 정보 더 보기/감추기 종이책 리뷰 (129건) eBook 리뷰 (0건) 종이책 한줄평 (143건) eBook 한줄평 (0건),,2020,4,9.7,129.0,0.0,143.0,0.0,272.0
371,58552371,도서,세계를 건너 너에게 갈게,이꽃님 저,문학동네,2018년 02월,10,12150,13500.0,670,83838,리뷰 총점9.6 정보 더 보기/감추기 종이책 리뷰 (240건) eBook 리뷰 (9건) 종이책 한줄평 (360건) eBook 한줄평 (51건),,2018,2,9.6,240.0,9.0,360.0,51.0,660.0
372,29375048,도서,너무 시끄러운 고독,보후밀 흐라발 저/이창실 역,문학동네,2016년 07월,10,10800,12000.0,600,46044,리뷰 총점9.3 정보 더 보기/감추기 종이책 리뷰 (122건) eBook 리뷰 (140건) 종이책 한줄평 (153건) eBook 한줄평 (231건),,2016,7,9.3,122.0,140.0,153.0,231.0,646.0
373,9349031,도서,원씽 THE ONE THING,"게리 켈러, 제이 파파산 저/구세희 역",비즈니스북스,2013년 08월,10,15120,16800.0,840,49371,리뷰 총점9.4 정보 더 보기/감추기 종이책 리뷰 (407건) eBook 리뷰 (27건) 종이책 한줄평 (408건) eBook 한줄평 (125건),,2013,8,9.4,407.0,27.0,408.0,125.0,967.0
374,7737244,도서,투자에 대한 생각,하워드 막스 저/김경미 역,비즈니스맵,2012년 09월,10,13500,15000.0,750,29826,리뷰 총점9.1 정보 더 보기/감추기 종이책 리뷰 (96건) eBook 리뷰 (0건) 종이책 한줄평 (206건) eBook 한줄평 (0건),,2012,9,9.1,96.0,0.0,206.0,0.0,302.0
375,3452430,도서,면도날,윌리엄 서머싯 몸 저/안진환 역,민음사,2009년 06월,10,13500,15000.0,750,31548,리뷰 총점9.7 정보 더 보기/감추기 종이책 리뷰 (101건) eBook 리뷰 (35건) 종이책 한줄평 (124건) eBook 한줄평 (69건),,2009,6,9.7,101.0,35.0,124.0,69.0,329.0
376,3239082,도서,달리기를 말할 때 내가 하고 싶은 이야기,무라카미 하루키 저/임홍빈 역,문학사상,2009년 01월,10,13050,14500.0,720,124782,리뷰 총점9.3 정보 더 보기/감추기 종이책 리뷰 (232건) eBook 리뷰 (10건) 종이책 한줄평 (205건) eBook 한줄평 (23건),,2009,1,9.3,232.0,10.0,205.0,23.0,470.0
377,191319962,도서,당신의 독자가 될게요,정세랑 저,마음산책,2026년 06월,10,15300,17000.0,850,8400,리뷰 총점10.0 정보 더 보기/감추기 종이책 리뷰 (1건) eBook 리뷰 (0건) 종이책 한줄평 (1건) eBook 한줄평 (0건),,2026,6,10.0,1.0,0.0,1.0,0.0,2.0
378,143876385,도서,단 3개의 미국 ETF로 은퇴하라,김지훈(포메뽀꼬) 저,리더스북,2025년 03월,10,17820,19800.0,990,86295,리뷰 총점9.6 정보 더 보기/감추기 종이책 리뷰 (56건) eBook 리뷰 (4건) 종이책 한줄평 (48건) eBook 한줄평 (34건),,2025,3,9.6,56.0,4.0,48.0,34.0,142.0
379,192469942,도서,타키 포오 언어 탐구 생활 2 사자성어 편,캐릭온TV 원저/최재훈 글/정수영 그림,대원씨아이(단행)(대원키즈),2026년 06월,10,14220,15800.0,790,1200,,,2026,6,,0.0,0.0,0.0,0.0,0.0
380,192151448,도서,우아한 노화,김수연 저,북스고,2026년 06월,10,16920,18800.0,940,3810,,,2026,6,,0.0,0.0,0.0,0.0,0.0
381,192023807,만화,비실비실 선생님 14,후쿠치 카미오 글그림,대원,2026년 06월,10,5850,6500.0,320,12012,,,2026,6,,0.0,0.0,0.0,0.0,0.0
382,191888846,도서,세계문학전집 이야기,민음사 편집부 편,민음사,2026년 06월,10,10800,12000.0,600,4974,,,2026,6,,0.0,0.0,0.0,0.0,0.0
383,191817204,만화,슈퍼 뒤에서 담배 피우는 두 사람 8,지누시 글그림/김성래 역,디앤씨미디어(D&C미디어),2026년 06월,10,6300,7000.0,350,13407,,,2026,6,,0.0,0.0,0.0,0.0,0.0
384,191698880,도서,단둥프로젝트,"김미영, 로이킴 저",세이지,2026년 06월,10,18000,20000.0,1000,11838,리뷰 총점10.0 정보 더 보기/감추기 종이책 리뷰 (0건) eBook 리뷰 (0건) 종이책 한줄평 (1건) eBook 한줄평 (0건),,2026,6,10.0,0.0,0.0,1.0,0.0,1.0
385,191551014,도서,행복노화,이시형 저,특별한서재,2026년 06월,10,15840,17600.0,880,4143,리뷰 총점10.0 정보 더 보기/감추기 종이책 리뷰 (7건) eBook 리뷰 (0건) 종이책 한줄평 (1건) eBook 한줄평 (0건),,2026,6,10.0,7.0,0.0,1.0,0.0,8.0
386,191546075,도서,어른도 아이도 다 잘 먹는 집밥 레시피,권예은(츄릅) 저,길벗,2026년 06월,10,19800,22000.0,1100,15120,,,2026,6,,0.0,0.0,0.0,0.0,0.0
387,191535254,만화,찍히지 않습니다 6,코노시마 루카 글그림/심희정 역,소미미디어,2026년 06월,10,6300,7000.0,350,9912,리뷰 총점10.0 정보 더 보기/감추기 종이책 리뷰 (1건) eBook 리뷰 (0건) 종이책 한줄평 (1건) eBook 한줄평 (0건),,2026,6,10.0,1.0,0.0,1.0,0.0,2.0
388,191191733,만화,옆자리 녀석이 그런 눈으로 쳐다본다 3 더블특전판,mmk 글그림,학산문화사(단행본),2026년 06월,10,6300,7000.0,350,23625,리뷰 총점10.0 정보 더 보기/감추기 종이책 리뷰 (0건) eBook 리뷰 (0건) 종이책 한줄평 (1건) eBook 한줄평 (0건),,2026,6,10.0,0.0,0.0,1.0,0.0,1.0
389,190215070,도서,2027 설보연 SANTA 교육학 단권화 Thin,설보연 저,계획된우연,2026년 06월,10,19800,22000.0,1100,11028,리뷰 총점10.0 정보 더 보기/감추기 종이책 리뷰 (1건) eBook 리뷰 (0건) 종이책 한줄평 (3건) eBook 한줄평 (0건),,2026,6,10.0,1.0,0.0,3.0,0.0,4.0
390,190213120,도서,단어의 쓸모,차민진 저,21세기북스,2026년 06월,10,21600,24000.0,1200,28068,리뷰 총점9.7 정보 더 보기/감추기 종이책 리뷰 (30건) eBook 리뷰 (0건) 종이책 한줄평 (8건) eBook 한줄평 (0건),,2026,6,9.7,30.0,0.0,8.0,0.0,38.0
391,190212424,도서,나에게는 새의 말이 들린다,스즈키 도시타카 저/김소연 역,오팬하우스,2026년 05월,10,17100,19000.0,950,16695,리뷰 총점9.9 정보 더 보기/감추기 종이책 리뷰 (70건) eBook 리뷰 (0건) 종이책 한줄평 (4건) eBook 한줄평 (0건),,2026,5,9.9,70.0,0.0,4.0,0.0,74.0
392,189822463,만화,불가항력의 I LOVE YOU 8,호시노 미즈키 글그림/김서은 역,서울미디어코믹스(서울문화사),2026년 05월,10,5400,6000.0,300,32436,리뷰 총점9.8 정보 더 보기/감추기 종이책 리뷰 (20건) eBook 리뷰 (0건) 종이책 한줄평 (36건) eBook 한줄평 (0건),,2026,5,9.8,20.0,0.0,36.0,0.0,56.0
393,189413192,도서,의사 어벤저스 26,고희정 글/조승연 그림/류정민 감수,가나출판사,2026년 05월,10,14220,15800.0,790,18588,리뷰 총점9.9 정보 더 보기/감추기 종이책 리뷰 (42건) eBook 리뷰 (0건) 종이책 한줄평 (3건) eBook 한줄평 (0건),,2026,5,9.9,42.0,0.0,3.0,0.0,45.0
394,188921653,도서,엄마를 만나러 가는 길 : 모리의 스티커북,고먕 글그림,네이버웹툰유한회사,2026년 06월,10,15300,17000.0,850,16560,리뷰 총점10.0 정보 더 보기/감추기 종이책 리뷰 (1건) eBook 리뷰 (0건) 종이책 한줄평 (3건) eBook 한줄평 (0건),,2026,6,10.0,1.0,0.0,3.0,0.0,4.0
395,188811194,도서,2027 해커스공무원 신민숙 쉬운국어 한 권으로 끝(9급 공무원),신민숙 편저,해커스공무원,2026년 05월,10,19800,22000.0,220,14130,리뷰 총점9.6 정보 더 보기/감추기 종이책 리뷰 (3건) eBook 리뷰 (0건) 종이책 한줄평 (2건) eBook 한줄평 (0건),,2026,5,9.6,3.0,0.0,2.0,0.0,5.0
396,186943203,도서,정재승의 로봇 탐구 보고서 1,"정재은, 정재승 글/김현민 그림",얘들아모여,2026년 05월,10,15120,16800.0,840,30336,리뷰 총점9.8 정보 더 보기/감추기 종이책 리뷰 (17건) eBook 리뷰 (0건) 종이책 한줄평 (17건) eBook 한줄평 (0건),,2026,5,9.8,17.0,0.0,17.0,0.0,34.0
397,186842406,만화,원펀맨 ONE PUNCH MAN 34,ONE 원저/무라타 유스케 그림,대원,2026년 04월,10,5400,6000.0,300,20892,리뷰 총점9.9 정보 더 보기/감추기 종이책 리뷰 (17건) eBook 리뷰 (3건) 종이책 한줄평 (32건) eBook 한줄평 (11건),,2026,4,9.9,17.0,3.0,32.0,11.0,63.0
398,186457197,도서,2026 해커스군무원 행정직 FINAL 봉투모의고사(국어+행정법+행정학) (9급·7급 군무원),해커스 군무원시험연구소 저,해커스군무원,2026년 04월,10,21600,24000.0,240,7254,리뷰 총점10.0 정보 더 보기/감추기 종이책 리뷰 (11건) eBook 리뷰 (0건) 종이책 한줄평 (0건) eBook 한줄평 (0건),,2026,4,10.0,11.0,0.0,0.0,0.0,11.0
399,183796239,도서,비밀의 종이 울리면,이하람 글/양양 그림,창비,2026년 03월,10,12420,13800.0,690,14970,리뷰 총점9.9 정보 더 보기/감추기 종이책 리뷰 (72건) eBook 리뷰 (0건) 종이책 한줄평 (3건) eBook 한줄평 (1건),,2026,3,9.9,72.0,0.0,3.0,1.0,76.0
400,181119788,도서,살찌지 않는 몸,우창윤 저,웅진지식하우스,2026년 03월,10,17820,19800.0,990,44745,리뷰 총점9.7 정보 더 보기/감추기 종이책 리뷰 (40건) eBook 리뷰 (1건) 종이책 한줄평 (31건) eBook 한줄평 (6건),,2026,3,9.7,40.0,1.0,31.0,6.0,78.0
401,180146308,도서,정승제의 수학 대모험 2,"설민석, 조영선 글/최진규, 박지영 그림/정승제 감수",단꿈아이,2026년 03월,10,14400,16000.0,800,30984,리뷰 총점10.0 정보 더 보기/감추기 종이책 리뷰 (53건) eBook 리뷰 (0건) 종이책 한줄평 (110건) eBook 한줄평 (0건),,2026,3,10.0,53.0,0.0,110.0,0.0,163.0
402,169460212,도서,폐문부재,해언 저,BOOKK(부크크),2025년 12월,0,11200,11200.0,0,6174,리뷰 총점10.0 정보 더 보기/감추기 종이책 리뷰 (1건) eBook 리뷰 (0건) 종이책 한줄평 (0건) eBook 한줄평 (0건),,2025,12,10.0,1.0,0.0,0.0,0.0,1.0
403,169351853,도서,처음 읽는 삼국지 3,이문열 글/한현동 그림/윤종문 편,미래엔아이세움,2025년 12월,10,13950,15500.0,770,50622,리뷰 총점9.9 정보 더 보기/감추기 종이책 리뷰 (68건) eBook 리뷰 (0건) 종이책 한줄평 (32건) eBook 한줄평 (0건),,2025,12,9.9,68.0,0.0,32.0,0.0,100.0
404,167459210,도서,위험한 과학책 (10주년 기념판),"랜들 먼로 저/이지연, 장영재 역/이명현 감수",시공사,2025년 11월,10,22500,25000.0,1250,16083,리뷰 총점9.8 정보 더 보기/감추기 종이책 리뷰 (11건) eBook 리뷰 (0건) 종이책 한줄평 (77건) eBook 한줄평 (1건),,2025,11,9.8,11.0,0.0,77.0,1.0,89.0
405,164885003,도서,2026 시나공 컴퓨터활용능력 2급 필기 기출문제집,길벗알앤디 저,길벗,2026년 01월,10,11700,13000.0,650,18702,리뷰 총점10.0 정보 더 보기/감추기 종이책 리뷰 (1건) eBook 리뷰 (1건) 종이책 한줄평 (4건) eBook 한줄평 (2건),,2026,1,10.0,1.0,1.0,4.0,2.0,8.0
406,164746517,도서,"나도 내 마음을 모를 때, 불교심리학",보만 저,불광출판사,2025년 11월,10,17100,19000.0,950,48003,리뷰 총점9.6 정보 더 보기/감추기 종이책 리뷰 (11건) eBook 리뷰 (0건) 종이책 한줄평 (12건) eBook 한줄평 (3건),,2025,11,9.6,11.0,0.0,12.0,3.0,26.0
407,163296547,도서,나나 올리브에게,루리 글그림,문학동네,2025년 11월,10,13500,15000.0,750,96234,리뷰 총점9.9 정보 더 보기/감추기 종이책 리뷰 (54건) eBook 리뷰 (0건) 종이책 한줄평 (42건) eBook 한줄평 (1건),,2025,11,9.9,54.0,0.0,42.0,1.0,97.0
408,162366855,도서,해커스 Updated 토플 라이팅 (Hackers Updated TOEFL WRITING),"해커스 어학연구소, David Cho 저",해커스어학연구소,2025년 11월,10,25200,28000.0,1400,46740,리뷰 총점9.9 정보 더 보기/감추기 종이책 리뷰 (12건) eBook 리뷰 (0건) 종이책 한줄평 (3건) eBook 한줄평 (0건),,2025,11,9.9,12.0,0.0,3.0,0.0,15.0
409,162366852,도서,해커스 Updated 토플 스피킹 (Hackers Updated TOEFL SPEAKING),"David Cho, 해커스 어학연구소 저",해커스어학연구소,2025년 11월,10,25200,28000.0,1400,44091,리뷰 총점9.9 정보 더 보기/감추기 종이책 리뷰 (12건) eBook 리뷰 (0건) 종이책 한줄평 (2건) eBook 한줄평 (0건),,2025,11,9.9,12.0,0.0,2.0,0.0,14.0
410,161341258,도서,기분이 태도가 되지 않게 (헬로키티 에디션),레몬심리 저/박영란 역,갤리온,2025년 11월,10,16200,18000.0,900,119835,리뷰 총점9.4 정보 더 보기/감추기 종이책 리뷰 (43건) eBook 리뷰 (0건) 종이책 한줄평 (43건) eBook 한줄평 (0건),,2025,11,9.4,43.0,0.0,43.0,0.0,86.0
411,150162254,도서,2026 이기적 컴퓨터활용능력 2급 필기+실기 올인원,"홍태성, 박윤정 저",영진닷컴,2025년 08월,10,26100,29000.0,1450,57480,리뷰 총점9.5 정보 더 보기/감추기 종이책 리뷰 (41건) eBook 리뷰 (1건) 종이책 한줄평 (28건) eBook 한줄평 (2건),,2025,8,9.5,41.0,1.0,28.0,2.0,72.0
412,150161165,도서,임신 출산 육아 대백과 최신개정판,편집부 저,삼성출판사,2025년 07월,10,17550,19500.0,970,70269,리뷰 총점8.6 정보 더 보기/감추기 종이책 리뷰 (13건) eBook 리뷰 (0건) 종이책 한줄평 (13건) eBook 한줄평 (0건),,2025,7,8.6,13.0,0.0,13.0,0.0,26.0
413,148702080,도서,"필사, 어른이 되는 시간",나태주 저/보담 그림,북로그컴퍼니,2025년 07월,10,16650,18500.0,920,90180,리뷰 총점9.9 정보 더 보기/감추기 종이책 리뷰 (124건) eBook 리뷰 (0건) 종이책 한줄평 (23건) eBook 한줄평 (7건),,2025,7,9.9,124.0,0.0,23.0,7.0,154.0
414,146704603,도서,개구리 수영장,이소라 글그림,노란돼지,2025년 06월,10,15120,16800.0,840,10716,리뷰 총점10.0 정보 더 보기/감추기 종이책 리뷰 (27건) eBook 리뷰 (0건) 종이책 한줄평 (1건) eBook 한줄평 (0건),,2025,6,10.0,27.0,0.0,1.0,0.0,28.0
415,146320688,도서,쇼펜하우어 인생수업 2 : 한 번뿐인 삶 이렇게 살아라,쇼펜하우어 저 / 김지민 역,하이스트,2025년 05월,10,15750,17500.0,870,36030,리뷰 총점9.9 정보 더 보기/감추기 종이책 리뷰 (11건) eBook 리뷰 (0건) 종이책 한줄평 (10건) eBook 한줄평 (1건),,2025,5,9.9,11.0,0.0,10.0,1.0,22.0
416,145567095,도서,"첫 여름, 완주",김금희 저,무제,2025년 05월,10,15300,17000.0,850,143316,리뷰 총점9.3 정보 더 보기/감추기 종이책 리뷰 (226건) eBook 리뷰 (10건) 종이책 한줄평 (201건) eBook 한줄평 (23건),,2025,5,9.3,226.0,10.0,201.0,23.0,460.0
417,145420068,도서,처음 읽는 삼국지 2,이문열 글/한현동 그림/윤종문 편,미래엔아이세움,2025년 04월,10,13950,15500.0,770,44784,리뷰 총점9.9 정보 더 보기/감추기 종이책 리뷰 (74건) eBook 리뷰 (0건) 종이책 한줄평 (43건) eBook 한줄평 (0건),,2025,4,9.9,74.0,0.0,43.0,0.0,117.0
418,140231496,도서,"2025·2026 큰별쌤 최태성의 별별한국사 한국사능력검정시험 기본(4,5,6급)",최태성 저,이투스북,2024년 12월,10,17550,19500.0,970,87261,리뷰 총점9.9 정보 더 보기/감추기 종이책 리뷰 (37건) eBook 리뷰 (0건) 종이책 한줄평 (54건) eBook 한줄평 (0건),,2024,12,9.9,37.0,0.0,54.0,0.0,91.0
419,139726712,도서,처음 읽는 삼국지 1,이문열 글/한현동 그림/윤종문 편,미래엔아이세움,2024년 11월,10,13950,15500.0,770,44898,리뷰 총점10.0 정보 더 보기/감추기 종이책 리뷰 (84건) eBook 리뷰 (0건) 종이책 한줄평 (53건) eBook 한줄평 (0건),,2024,11,10.0,84.0,0.0,53.0,0.0,137.0
420,134254965,도서,"세상을 보는 눈, 뉴스툰 1 동아시아",뉴스툰 글그림,펜타클,2024년 10월,10,13770,15300.0,760,16023,리뷰 총점9.9 정보 더 보기/감추기 종이책 리뷰 (41건) eBook 리뷰 (0건) 종이책 한줄평 (5건) eBook 한줄평 (0건),,2024,10,9.9,41.0,0.0,5.0,0.0,46.0
421,125809084,도서,"큰별쌤 최태성의 별별한국사 7일의 기적 한국사능력검정시험 심화(1,2,3급)",최태성 저,이투스북,2024년 04월,10,14850,16500.0,820,63897,리뷰 총점9.7 정보 더 보기/감추기 종이책 리뷰 (38건) eBook 리뷰 (0건) 종이책 한줄평 (54건) eBook 한줄평 (0건),,2024,4,9.7,38.0,0.0,54.0,0.0,92.0
422,121826324,도서,여름을 한 입 베어 물었더니,이꽃님 저,문학동네,2023년 08월,10,12150,13500.0,670,77157,리뷰 총점9.7 정보 더 보기/감추기 종이책 리뷰 (206건) eBook 리뷰 (5건) 종이책 한줄평 (141건) eBook 한줄평 (22건),,2023,8,9.7,206.0,5.0,141.0,22.0,374.0
423,111140141,도서,일본어 무작정 따라하기 완전판,후지이 아사리 저,길벗이지톡,2022년 08월,10,23400,26000.0,1300,60117,리뷰 총점9.6 정보 더 보기/감추기 종이책 리뷰 (90건) eBook 리뷰 (14건) 종이책 한줄평 (128건) eBook 한줄평 (26건),,2022,8,9.6,90.0,14.0,128.0,26.0,258.0
424,105385090,도서,ETS 토익 정기시험 기출입문서 RC 리딩,ETS 저,YBM(와이비엠),2021년 12월,10,13500,15000.0,750,33744,리뷰 총점9.7 정보 더 보기/감추기 종이책 리뷰 (26건) eBook 리뷰 (0건) 종이책 한줄평 (41건) eBook 한줄평 (0건),,2021,12,9.7,26.0,0.0,41.0,0.0,67.0
425,103336941,도서,너도 하늘말나리야,이금이 저,밤티,2021년 09월,10,11250,12500.0,620,29319,리뷰 총점9.6 정보 더 보기/감추기 종이책 리뷰 (30건) eBook 리뷰 (0건) 종이책 한줄평 (17건) eBook 한줄평 (7건),,2021,9,9.6,30.0,0.0,17.0,7.0,54.0
426,103317966,도서,해커스 일본어 JLPT N5 (일본어능력시험) 한 권으로 합격,해커스 JLPT 연구소 저,해커스어학연구소,2024년 07월,10,24210,26900.0,1340,40275,리뷰 총점9.8 정보 더 보기/감추기 종이책 리뷰 (16건) eBook 리뷰 (0건) 종이책 한줄평 (32건) eBook 한줄평 (2건),,2024,7,9.8,16.0,0.0,32.0,2.0,50.0
427,101682634,도서,잘했고 잘하고 있고 잘 될 것이다 (아마존 베스트셀러 기념 전면 개정판),정영욱 저,부크럼,2022년 10월,10,16200,18000.0,900,59541,리뷰 총점9.6 정보 더 보기/감추기 종이책 리뷰 (273건) eBook 리뷰 (1건) 종이책 한줄평 (125건) eBook 한줄평 (21건),,2022,10,9.6,273.0,1.0,125.0,21.0,420.0
428,96794060,도서,데일 카네기 자기관리론,데일 카네기 저/임상훈 역,현대지성,2021년 01월,10,10350,11500.0,570,70623,리뷰 총점9.7 정보 더 보기/감추기 종이책 리뷰 (243건) eBook 리뷰 (46건) 종이책 한줄평 (303건) eBook 한줄평 (140건),,2021,1,9.7,243.0,46.0,303.0,140.0,732.0
429,91909794,도서,초판본 데미안,헤르만 헤세 저/이순학 역,더스토리,2020년 08월,10,2690,2980.0,140,86577,리뷰 총점9.7 정보 더 보기/감추기 종이책 리뷰 (47건) eBook 리뷰 (31건) 종이책 한줄평 (76건) eBook 한줄평 (99건),,2020,8,9.7,47.0,31.0,76.0,99.0,253.0
430,81526189,도서,내 이름은 빨강 2,오르한 파묵 저/이난아 역,민음사,2019년 10월,10,11700,13000.0,650,28026,리뷰 총점9.4 정보 더 보기/감추기 종이책 리뷰 (20건) eBook 리뷰 (2건) 종이책 한줄평 (28건) eBook 한줄평 (7건),,2019,10,9.4,20.0,2.0,28.0,7.0,57.0
431,81526173,도서,내 이름은 빨강 1,오르한 파묵 저/이난아 역,민음사,2019년 10월,10,11700,13000.0,650,32274,리뷰 총점9.6 정보 더 보기/감추기 종이책 리뷰 (30건) eBook 리뷰 (4건) 종이책 한줄평 (37건) eBook 한줄평 (14건),,2019,10,9.6,30.0,4.0,37.0,14.0,85.0
432,58774995,도서,부자 아빠 가난한 아빠 20주년 특별 기념판,로버트 기요사키 저/안진환 역,민음인,2018년 02월,10,15300,17000.0,850,68586,"리뷰 총점9.6 정보 더 보기/감추기 종이책 리뷰 (328건) eBook 리뷰 (49건) 종이책 한줄평 (1,359건) eBook 한줄평 (158건)",,2018,2,9.6,328.0,49.0,1359.0,158.0,1894.0
433,22431294,도서,어린 왕자,앙투안 드 생텍쥐페리 저/황현산 역,열린책들,2015년 10월,10,10620,11800.0,590,37662,리뷰 총점9.6 정보 더 보기/감추기 종이책 리뷰 (251건) eBook 리뷰 (8건) 종이책 한줄평 (252건) eBook 한줄평 (35건),,2015,10,9.6,251.0,8.0,252.0,35.0,546.0
434,14949037,도서,악당의 무게,이현 글/오윤화 그림,휴먼어린이,2014년 10월,10,11700,13000.0,650,29709,리뷰 총점9.8 정보 더 보기/감추기 종이책 리뷰 (28건) eBook 리뷰 (0건) 종이책 한줄평 (44건) eBook 한줄평 (12건),,2014,10,9.8,28.0,0.0,44.0,12.0,84.0
435,1953816,도서,틀려도 괜찮아,마키타 신지 글/하세가와 토모코 그림/유문조 역,토토북,2006년 02월,10,12600,14000.0,700,36534,리뷰 총점9.4 정보 더 보기/감추기 종이책 리뷰 (116건) eBook 리뷰 (0건) 종이책 한줄평 (104건) eBook 한줄평 (0건),,2006,2,9.4,116.0,0.0,104.0,0.0,220.0
436,370331,도서,위대한 개츠비,F. 스콧 피츠제럴드 저/김욱동 역,민음사,2003년 05월,10,8100,9000.0,450,49308,리뷰 총점9.0 정보 더 보기/감추기 종이책 리뷰 (270건) eBook 리뷰 (32건) 종이책 한줄평 (157건) eBook 한줄평 (55건),,2003,5,9.0,270.0,32.0,157.0,55.0,514.0
437,15320,도서,강아지똥,권정생 글/정승각 그림,길벗어린이,1996년 04월,10,12600,14000.0,140,48633,리뷰 총점9.4 정보 더 보기/감추기 종이책 리뷰 (297건) eBook 리뷰 (0건) 종이책 한줄평 (129건) eBook 한줄평 (0건),,1996,4,9.4,297.0,0.0,129.0,0.0,426.0
438,192275105,도서,지상의 밤,임선우 저,문학동네,2026년 06월,10,15750,17500.0,870,2640,,,2026,6,,0.0,0.0,0.0,0.0,0.0
439,185198822,도서,2026 제17회 젊은작가상 수상작품집,"김채원, 길란, 남의현, 서장원, 위수정 저 외 2명 정보 더 보기/감추기 김채원 길란 남의현 서장원 위수정 이미상 함윤이",문학동네,2026년 03월,10,6930,7700.0,380,56442,리뷰 총점8.9 정보 더 보기/감추기 종이책 리뷰 (33건) eBook 리뷰 (4건) 종이책 한줄평 (26건) eBook 한줄평 (6건),,2026,3,8.9,33.0,4.0,26.0,6.0,69.0
440,172705000,도서,비만록 : 나는 마운자로를 맞는 의사다,장형우 저,아침사과,2026년 01월,0,18000,18000.0,0,7104,리뷰 총점9.9 정보 더 보기/감추기 종이책 리뷰 (21건) eBook 리뷰 (0건) 종이책 한줄평 (1건) eBook 한줄평 (0건),,2026,1,9.9,21.0,0.0,1.0,0.0,22.0
441,130533019,도서,열다섯에 곰이라니 2,추정경 저,다산책방,2024년 08월,10,13500,15000.0,750,22611,리뷰 총점9.9 정보 더 보기/감추기 종이책 리뷰 (18건) eBook 리뷰 (0건) 종이책 한줄평 (14건) eBook 한줄평 (1건),,2024,8,9.9,18.0,0.0,14.0,1.0,33.0
442,192560080,도서,불안해서 화를 내고 말았습니다,최장현 저,구름이머무는동안,2026년 06월,10,12600,14000.0,700,2400,,,2026,6,,0.0,0.0,0.0,0.0,0.0
443,192153754,도서,"국경을 넘어, 나를 설계하다",하주현 저,예미,2026년 06월,10,16200,18000.0,900,2160,,,2026,6,,0.0,0.0,0.0,0.0,0.0
444,192120855,도서,경선식의 토익 영단어 초스피드 암기비법,경선식 저,경선식에듀,2026년 06월,10,17730,19700.0,980,2202,,,2026,6,,0.0,0.0,0.0,0.0,0.0
445,192089723,도서,소설 내 마음의 위험한 녀석,노조미 코타 저/사쿠라이 노리오 원저/sune 그림/조원로 역,소미미디어,2026년 06월,10,7650,8500.0,420,4950,,,2026,6,,0.0,0.0,0.0,0.0,0.0
446,191699932,도서,소설 장송의 프리렌 -전주- 2,하치모쿠 메이 저/야마다 카네히토 원저/아베 츠카사 그림,학산문화사(단행본),2026년 06월,10,7200,8000.0,400,15489,,,2026,6,,0.0,0.0,0.0,0.0,0.0
447,190808605,도서,별빛 마을 꾹꾹이 식당 1. 꼬마 북극 여우 손님,고양이와 스프 원저/김오냥 글/루체 그림,다산어린이,2026년 06월,10,12600,14000.0,700,6375,리뷰 총점10.0 정보 더 보기/감추기 종이책 리뷰 (6건) eBook 리뷰 (0건) 종이책 한줄평 (1건) eBook 한줄평 (0건),,2026,6,10.0,6.0,0.0,1.0,0.0,7.0
448,190803945,도서,밀(密),조용래 저,주단,2026년 06월,10,18000,20000.0,1000,3303,리뷰 총점10.0 정보 더 보기/감추기 종이책 리뷰 (1건) eBook 리뷰 (0건) 종이책 한줄평 (3건) eBook 한줄평 (0건),,2026,6,10.0,1.0,0.0,3.0,0.0,4.0
449,190213282,도서,마이 가디언 5 : 단단한 마음,이재문 글/무디 그림,이지북,2026년 05월,10,13500,15000.0,750,8472,리뷰 총점9.9 정보 더 보기/감추기 종이책 리뷰 (32건) eBook 리뷰 (0건) 종이책 한줄평 (1건) eBook 한줄평 (0건),,2026,5,9.9,32.0,0.0,1.0,0.0,33.0
450,190210785,도서,설득의 언어학,"상드린 쥐페레, 스티브 오즈발, 파스칼 지각스 저/하현주 역",페이지2북스,2026년 05월,10,17820,19800.0,990,16443,리뷰 총점10.0 정보 더 보기/감추기 종이책 리뷰 (33건) eBook 리뷰 (0건) 종이책 한줄평 (10건) eBook 한줄평 (0건),,2026,5,10.0,33.0,0.0,10.0,0.0,43.0
451,189770651,도서,2026 수제비 정보처리기사 실기 FINAL 모의고사,"윤영빈, 서용욱, 박인상, 정상온 저",수제비,2026년 06월,10,30600,34000.0,1700,9342,,,2026,6,,0.0,0.0,0.0,0.0,0.0
452,189770630,도서,감정 수업,마크 브래킷 저/정지현 역,비즈니스북스,2026년 05월,10,18900,21000.0,1050,16491,리뷰 총점9.9 정보 더 보기/감추기 종이책 리뷰 (24건) eBook 리뷰 (1건) 종이책 한줄평 (1건) eBook 한줄평 (1건),,2026,5,9.9,24.0,1.0,1.0,1.0,27.0
453,189413175,도서,행복,법륜 저,정토출판,2026년 05월,10,18000,20000.0,1000,22617,리뷰 총점8.5 정보 더 보기/감추기 종이책 리뷰 (2건) eBook 리뷰 (0건) 종이책 한줄평 (2건) eBook 한줄평 (0건),,2026,5,8.5,2.0,0.0,2.0,0.0,4.0
454,189335815,도서,나쁜 말이 쾅 튀어나왔어!,레오나다 카란사 글/에리카 메디나 그림/이혜성 역,포레스트북스,2026년 05월,10,16020,17800.0,890,33300,리뷰 총점10.0 정보 더 보기/감추기 종이책 리뷰 (34건) eBook 리뷰 (0건) 종이책 한줄평 (1건) eBook 한줄평 (0건),,2026,5,10.0,34.0,0.0,1.0,0.0,35.0
455,189212536,도서,지적 대화를 위한 AI 언어 수업,강수진 저,어웨이크(AWAKE),2026년 05월,10,18000,20000.0,1000,13476,리뷰 총점10.0 정보 더 보기/감추기 종이책 리뷰 (0건) eBook 리뷰 (0건) 종이책 한줄평 (1건) eBook 한줄평 (0건),,2026,5,10.0,0.0,0.0,1.0,0.0,1.0
456,188923518,도서,히티드 라이벌리,레이철 리드 저/우진하 역,모모,2026년 07월,10,18900,21000.0,1050,17034,,,2026,7,,0.0,0.0,0.0,0.0,0.0
457,188860403,만화,열혈강호 95,전극진 글/양재현 그림,대원,2026년 04월,10,4950,5500.0,270,29547,리뷰 총점9.4 정보 더 보기/감추기 종이책 리뷰 (10건) eBook 리뷰 (2건) 종이책 한줄평 (24건) eBook 한줄평 (6건),,2026,4,9.4,10.0,2.0,24.0,6.0,42.0
458,185504502,도서,2027 심우철 영기싹: 영어 기초 싹쓸이,심우철 저,공단기(에스티유니타스),2026년 04월,10,27000,30000.0,300,12618,리뷰 총점9.2 정보 더 보기/감추기 종이책 리뷰 (2건) eBook 리뷰 (0건) 종이책 한줄평 (3건) eBook 한줄평 (0건),,2026,4,9.2,2.0,0.0,3.0,0.0,5.0
459,182419810,도서,2026 해커스 SKCT SK그룹 종합역량검사 통합 기본서 최신기출유형+실전모의고사 (언어이해/자료해석/창의수리/언어추리/수열추리),해커스 SKCT 취업교육연구소 저,해커스잡,2026년 03월,10,23400,26000.0,260,8988,리뷰 총점10.0 정보 더 보기/감추기 종이책 리뷰 (6건) eBook 리뷰 (2건) 종이책 한줄평 (0건) eBook 한줄평 (3건),,2026,3,10.0,6.0,2.0,0.0,3.0,11.0
460,182057273,도서,처음 읽는 그리스 로마 신화 14,최설희 글/한현동 그림/정수영 편,미래엔아이세움,2026년 03월,10,15120,16800.0,840,53778,리뷰 총점9.9 정보 더 보기/감추기 종이책 리뷰 (67건) eBook 리뷰 (0건) 종이책 한줄평 (32건) eBook 한줄평 (0건),,2026,3,9.9,67.0,0.0,32.0,0.0,99.0
461,178041019,도서,2026 원큐패스 개인정보관리사 CPPG (최신 법령 제·개정 반영),김창중 저,다락원,2026년 02월,10,34200,38000.0,1900,4656,리뷰 총점9.8 정보 더 보기/감추기 종이책 리뷰 (8건) eBook 리뷰 (0건) 종이책 한줄평 (0건) eBook 한줄평 (0건),,2026,2,9.8,8.0,0.0,0.0,0.0,8.0
462,176096600,도서,2026 김건호 헌법 비교불가 헌법 기출지문 OX,김건호 저,(주)박영사,2026년 02월,0,52000,52000.0,1560,14682,리뷰 총점9.1 정보 더 보기/감추기 종이책 리뷰 (13건) eBook 리뷰 (1건) 종이책 한줄평 (13건) eBook 한줄평 (0건),,2026,2,9.1,13.0,1.0,13.0,0.0,27.0
463,175915347,도서,2026 세무사 이종하의 재경관리사 통합이론서 + 100% 무료강의 제공,"이종하, 남정선 저",직업상점,2026년 01월,10,46800,52000.0,520,7428,리뷰 총점9.4 정보 더 보기/감추기 종이책 리뷰 (1건) eBook 리뷰 (0건) 종이책 한줄평 (12건) eBook 한줄평 (0건),,2026,1,9.4,1.0,0.0,12.0,0.0,13.0
464,172735124,도서,쥬디 할머니,박완서 저,문학동네,2026년 01월,10,16650,18500.0,920,32184,리뷰 총점9.8 정보 더 보기/감추기 종이책 리뷰 (30건) eBook 리뷰 (0건) 종이책 한줄평 (33건) eBook 한줄평 (2건),,2026,1,9.8,30.0,0.0,33.0,2.0,65.0
465,169807895,도서,2026 수제비 정보처리기사 실기 기본서,"윤영빈, 서용욱, 박인상, 정상온 저",수제비,2025년 12월,10,36000,40000.0,2000,16800,리뷰 총점9.9 정보 더 보기/감추기 종이책 리뷰 (11건) eBook 리뷰 (0건) 종이책 한줄평 (6건) eBook 한줄평 (0건),,2025,12,9.9,11.0,0.0,6.0,0.0,17.0
466,169689075,도서,내가 선택할 수 있는 품격 있는 태도에 관하여,김종원 저,오아시스,2025년 12월,10,17100,19000.0,950,28098,리뷰 총점9.7 정보 더 보기/감추기 종이책 리뷰 (67건) eBook 리뷰 (0건) 종이책 한줄평 (29건) eBook 한줄평 (2건),,2025,12,9.7,67.0,0.0,29.0,2.0,98.0
467,167468444,도서,2026 해커스군무원 신민숙 쉬운국어 빈출 문법 200제 (9·7급 군무원),신민숙 저,해커스군무원,2026년 01월,10,16200,18000.0,900,17730,리뷰 총점10.0 정보 더 보기/감추기 종이책 리뷰 (12건) eBook 리뷰 (0건) 종이책 한줄평 (7건) eBook 한줄평 (0건),,2026,1,10.0,12.0,0.0,7.0,0.0,19.0
468,154168402,도서,나는 메트로폴리탄 미술관의 경비원입니다 (25만 부 기념 전면 개정판),"패트릭 브링리 저/김희정, 조현주 역",웅진지식하우스,2025년 09월,10,16650,18500.0,920,36000,리뷰 총점9.7 정보 더 보기/감추기 종이책 리뷰 (31건) eBook 리뷰 (1건) 종이책 한줄평 (13건) eBook 한줄평 (1건),,2025,9,9.7,31.0,1.0,13.0,1.0,46.0
469,148703993,도서,2026 해커스공무원 기출 보카 3000+ 1~2 + 영어단어 미니암기장 3종 세트,해커스 공무원시험연구소 저,해커스공무원,2025년 07월,10,22410,24900.0,1240,43299,리뷰 총점9.8 정보 더 보기/감추기 종이책 리뷰 (43건) eBook 리뷰 (0건) 종이책 한줄평 (33건) eBook 한줄평 (0건),,2025,7,9.8,43.0,0.0,33.0,0.0,76.0
470,148473230,도서,5일 완성 토익스피킹 실전 모의고사 25회,시계토끼제니쌤 저,시계토끼,2025년 07월,10,23400,26000.0,1300,38040,리뷰 총점10.0 정보 더 보기/감추기 종이책 리뷰 (46건) eBook 리뷰 (0건) 종이책 한줄평 (8건) eBook 한줄평 (0건),,2025,7,10.0,46.0,0.0,8.0,0.0,54.0
471,133278283,도서,행운이 구르는 속도,김성운 글/김성라 그림,사계절,2024년 09월,10,11700,13000.0,650,39627,리뷰 총점9.7 정보 더 보기/감추기 종이책 리뷰 (41건) eBook 리뷰 (0건) 종이책 한줄평 (28건) eBook 한줄평 (0건),,2024,9,9.7,41.0,0.0,28.0,0.0,69.0
472,129155646,도서,지도로 보아야 보인다,"에밀리 오브리, 프랭크 테타르, 토마 앙사르 저/이수진 역",사이,2024년 07월,10,26820,29800.0,1490,27324,리뷰 총점8.8 정보 더 보기/감추기 종이책 리뷰 (29건) eBook 리뷰 (6건) 종이책 한줄평 (40건) eBook 한줄평 (5건),,2024,7,8.8,29.0,6.0,40.0,5.0,80.0
473,128911318,도서,영어로 문장 만들기 훈련 1차 임계점,유은하 저,사람in,2024년 07월,10,19800,22000.0,1100,60243,리뷰 총점9.6 정보 더 보기/감추기 종이책 리뷰 (72건) eBook 리뷰 (7건) 종이책 한줄평 (95건) eBook 한줄평 (10건),,2024,7,9.6,72.0,7.0,95.0,10.0,184.0
474,128829030,도서,동사×전치사 도감,권은희 저,길벗이지톡,2024년 08월,10,17820,19800.0,990,52224,리뷰 총점9.2 정보 더 보기/감추기 종이책 리뷰 (64건) eBook 리뷰 (6건) 종이책 한줄평 (68건) eBook 한줄평 (14건),,2024,8,9.2,64.0,6.0,68.0,14.0,152.0
475,126964863,도서,큰별쌤과 재미있게 공부하는 초등 한국사능력검정시험,최태성 저,이투스북,2024년 06월,10,17100,19000.0,950,55245,리뷰 총점9.8 정보 더 보기/감추기 종이책 리뷰 (48건) eBook 리뷰 (0건) 종이책 한줄평 (51건) eBook 한줄평 (0건),,2024,6,9.8,48.0,0.0,51.0,0.0,99.0
476,125117836,도서,감정 호텔,리디아 브란코비치 글그림/장미란 역,책읽는곰,2024년 02월,10,13500,15000.0,750,62271,리뷰 총점9.9 정보 더 보기/감추기 종이책 리뷰 (105건) eBook 리뷰 (0건) 종이책 한줄평 (45건) eBook 한줄평 (0건),,2024,2,9.9,105.0,0.0,45.0,0.0,150.0
477,122600737,도서,오픽노잼,오픽노잼 저,PAGODA Books,2023년 09월,10,23400,26000.0,1300,20481,리뷰 총점9.3 정보 더 보기/감추기 종이책 리뷰 (19건) eBook 리뷰 (0건) 종이책 한줄평 (22건) eBook 한줄평 (0건),,2023,9,9.3,19.0,0.0,22.0,0.0,41.0
478,121798233,도서,10일 만에 끝내는 해커스 OPIc 오픽 START (Intermediate 공략),해커스 오픽연구소 저,(주)해커스,2024년 09월,10,22500,25000.0,1250,30630,리뷰 총점9.6 정보 더 보기/감추기 종이책 리뷰 (45건) eBook 리뷰 (0건) 종이책 한줄평 (23건) eBook 한줄평 (1건),,2024,9,9.6,45.0,0.0,23.0,1.0,69.0
479,120813157,도서,사과는 이렇게 하는 거야,데이비드 라로셀 글/마이크 우누트카 그림/이다랑 역,블루밍제이,2023년 07월,10,15300,17000.0,850,31077,리뷰 총점9.8 정보 더 보기/감추기 종이책 리뷰 (79건) eBook 리뷰 (0건) 종이책 한줄평 (30건) eBook 한줄평 (0건),,2023,7,9.8,79.0,0.0,30.0,0.0,109.0
480,119153435,도서,10일 만에 끝내는 해커스 OPIc 오픽 Advanced 공략,해커스 오픽연구소 저,(주)해커스,2023년 10월,10,22500,25000.0,1250,45573,리뷰 총점9.8 정보 더 보기/감추기 종이책 리뷰 (69건) eBook 리뷰 (1건) 종이책 한줄평 (41건) eBook 한줄평 (1건),,2023,10,9.8,69.0,1.0,41.0,1.0,112.0
481,119124871,도서,해커스일본어 JLPT 일본어능력시험 실전모의고사 N3 (5회분),해커스 JLPT연구소 저,해커스어학연구소,2024년 05월,10,16110,17900.0,890,8646,리뷰 총점9.9 정보 더 보기/감추기 종이책 리뷰 (21건) eBook 리뷰 (2건) 종이책 한줄평 (13건) eBook 한줄평 (2건),,2024,5,9.9,21.0,2.0,13.0,2.0,38.0
482,116599423,도서,미움받을 용기 (200만 부 기념 스페셜 에디션),"기시미 이치로, 고가 후미타케 저/전경아 역/김정운 감수",인플루엔셜,2022년 12월,10,14310,15900.0,790,66270,"리뷰 총점9.2 정보 더 보기/감추기 종이책 리뷰 (693건) eBook 리뷰 (41건) 종이책 한줄평 (1,383건) eBook 한줄평 (174건)",,2022,12,9.2,693.0,41.0,1383.0,174.0,2291.0
483,116422051,도서,열다섯에 곰이라니,추정경 저,다산책방,2022년 12월,10,13500,15000.0,750,48846,리뷰 총점9.7 정보 더 보기/감추기 종이책 리뷰 (37건) eBook 리뷰 (10건) 종이책 한줄평 (34건) eBook 한줄평 (16건),,2022,12,9.7,37.0,10.0,34.0,16.0,97.0
484,110641272,도서,파친코 1,이민진 저/신승미 역,인플루엔셜,2022년 07월,10,14220,15800.0,790,23154,리뷰 총점9.7 정보 더 보기/감추기 종이책 리뷰 (224건) eBook 리뷰 (33건) 종이책 한줄평 (273건) eBook 한줄평 (90건),,2022,7,9.7,224.0,33.0,273.0,90.0,620.0
485,105643501,도서,브로콜리지만 사랑받고 싶어,"별다름, 달다름 글/서영 그림",키다리,2021년 12월,10,13500,15000.0,750,52272,리뷰 총점9.8 정보 더 보기/감추기 종이책 리뷰 (81건) eBook 리뷰 (1건) 종이책 한줄평 (38건) eBook 한줄평 (24건),,2021,12,9.8,81.0,1.0,38.0,24.0,144.0
486,99308021,도서,불편한 편의점,김호연 저,나무옆의자,2021년 04월,10,15120,16800.0,840,58863,"리뷰 총점9.5 정보 더 보기/감추기 종이책 리뷰 (634건) eBook 리뷰 (51건) 종이책 한줄평 (1,086건) eBook 한줄평 (2,959건)",,2021,4,9.5,634.0,51.0,1086.0,2959.0,4730.0
487,99184511,도서,왜 일하는가,이나모리 가즈오 저/김윤경 역,다산북스,2021년 04월,10,16200,18000.0,900,86214,리뷰 총점8.7 정보 더 보기/감추기 종이책 리뷰 (122건) eBook 리뷰 (6건) 종이책 한줄평 (115건) eBook 한줄평 (75건),,2021,4,8.7,122.0,6.0,115.0,75.0,318.0
488,98349603,도서,클라라와 태양,가즈오 이시구로 저/홍한별 역,민음사,2021년 03월,10,15300,17000.0,850,22041,리뷰 총점9.4 정보 더 보기/감추기 종이책 리뷰 (175건) eBook 리뷰 (11건) 종이책 한줄평 (123건) eBook 한줄평 (22건),,2021,3,9.4,175.0,11.0,123.0,22.0,331.0
489,74261416,도서,우리가 빛의 속도로 갈 수 없다면,김초엽 저,허블,2019년 06월,10,15300,17000.0,850,56787,리뷰 총점9.4 정보 더 보기/감추기 종이책 리뷰 (544건) eBook 리뷰 (128건) 종이책 한줄평 (661건) eBook 한줄평 (598건),,2019,6,9.4,544.0,128.0,661.0,598.0,1931.0
490,72334664,도서,해커스 여행일본어 10분의 기적,해커스 일본어연구소 저,해커스어학연구소,2025년 06월,10,8820,9800.0,490,83772,리뷰 총점9.7 정보 더 보기/감추기 종이책 리뷰 (79건) eBook 리뷰 (328건) 종이책 한줄평 (109건) eBook 한줄평 (395건),,2025,6,9.7,79.0,328.0,109.0,395.0,911.0
491,63592662,도서,세상에서 제일 재밌는 종이접기,이원표 저,슬로래빗,2018년 08월,10,12600,14000.0,700,42300,리뷰 총점9.5 정보 더 보기/감추기 종이책 리뷰 (177건) eBook 리뷰 (0건) 종이책 한줄평 (259건) eBook 한줄평 (0건),,2018,8,9.5,177.0,0.0,259.0,0.0,436.0
492,59662149,도서,처음엔 사소했던 일,왕수펀 저/조윤진 역,뜨인돌,2018년 04월,10,9900,11000.0,550,7344,리뷰 총점9.6 정보 더 보기/감추기 종이책 리뷰 (20건) eBook 리뷰 (0건) 종이책 한줄평 (19건) eBook 한줄평 (0건),,2018,4,9.6,20.0,0.0,19.0,0.0,39.0
493,44147555,도서,서양 미술사,"에른스트 H. 곰브리치 저/백승길, 이종승 역",예경,2017년 06월,10,47700,53000.0,530,20514,리뷰 총점9.6 정보 더 보기/감추기 종이책 리뷰 (33건) eBook 리뷰 (0건) 종이책 한줄평 (90건) eBook 한줄평 (0건),,2017,6,9.6,33.0,0.0,90.0,0.0,123.0
494,23670224,도서,소피의 세계,요슈타인 가아더 저/장영은 역,현암사,2015년 12월,10,29700,33000.0,1650,49857,리뷰 총점9.5 정보 더 보기/감추기 종이책 리뷰 (30건) eBook 리뷰 (0건) 종이책 한줄평 (91건) eBook 한줄평 (0건),,2015,12,9.5,30.0,0.0,91.0,0.0,121.0
495,18841857,도서,푸른 사자 와니니,이현 글/오윤화 그림,창비,2015년 06월,10,12420,13800.0,690,59061,리뷰 총점9.7 정보 더 보기/감추기 종이책 리뷰 (204건) eBook 리뷰 (0건) 종이책 한줄평 (235건) eBook 한줄평 (0건),,2015,6,9.7,204.0,0.0,235.0,0.0,439.0
496,6712992,도서,죄와 벌 1,표도르 도스토예프스키 저/김연경 역,민음사,2012년 03월,10,9900,11000.0,550,39660,리뷰 총점9.5 정보 더 보기/감추기 종이책 리뷰 (134건) eBook 리뷰 (6건) 종이책 한줄평 (125건) eBook 한줄평 (10건),,2012,3,9.5,134.0,6.0,125.0,10.0,275.0
497,2124910,도서,사과가 쿵!,다다 히로시 그림/정근 역,보림,2006년 07월,10,9900,11000.0,550,43380,리뷰 총점9.7 정보 더 보기/감추기 종이책 리뷰 (211건) eBook 리뷰 (0건) 종이책 한줄평 (313건) eBook 한줄평 (0건),,2006,7,9.7,211.0,0.0,313.0,0.0,524.0
498,1470060,도서,폭풍의 언덕,에밀리 브론테 저,민음사,2005년 03월,10,11700,13000.0,650,24483,리뷰 총점9.2 정보 더 보기/감추기 종이책 리뷰 (123건) eBook 리뷰 (21건) 종이책 한줄평 (132건) eBook 한줄평 (37건),,2005,3,9.2,123.0,21.0,132.0,37.0,313.0
499,191854679,도서,언노우너스,윤상윤 저,다산북스,2026년 06월,10,18000,20000.0,1000,9405,리뷰 총점10.0 정보 더 보기/감추기 종이책 리뷰 (4건) eBook 리뷰 (0건) 종이책 한줄평 (2건) eBook 한줄평 (0건),,2026,6,10.0,4.0,0.0,2.0,0.0,6.0
500,191693950,도서,AI 시대에 개발자가 알아야 할 인프라 구성 배포 with 클로드 코드,조훈 저,길벗,2026년 06월,10,21600,24000.0,1200,3504,리뷰 총점10.0 정보 더 보기/감추기 종이책 리뷰 (1건) eBook 리뷰 (0건) 종이책 한줄평 (0건) eBook 한줄평 (0건),,2026,6,10.0,1.0,0.0,0.0,0.0,1.0
501,190815856,도서,생존 지능,로이드 블랭크파인 저/박선영 역,필름,2026년 06월,10,26820,29800.0,1490,32658,리뷰 총점9.5 정보 더 보기/감추기 종이책 리뷰 (21건) eBook 리뷰 (0건) 종이책 한줄평 (3건) eBook 한줄평 (0건),,2026,6,9.5,21.0,0.0,3.0,0.0,24.0
502,192560743,만화,어떤 과학의 초전자포 20,카마치 카즈마 원저/후유카와 모토이 그림,대원,2026년 06월,10,5400,6000.0,300,480,,,2026,6,,0.0,0.0,0.0,0.0,0.0
503,192491768,도서,빨간내복야코 어린이 상식 6 문화 상식,빨간내복야코 원저/박동명 글/도니패밀리 그림/샌드박스 네트워크 감수,아울북,2026년 06월,10,15210,16900.0,840,1020,리뷰 총점10.0 정보 더 보기/감추기 종이책 리뷰 (1건) eBook 리뷰 (0건) 종이책 한줄평 (1건) eBook 한줄평 (0건),,2026,6,10.0,1.0,0.0,1.0,0.0,2.0
504,192471630,도서,더포스 현이쌤의 알짜 수영 레슨,이현이 저,서사원,2026년 06월,10,19800,22000.0,1100,480,,,2026,6,,0.0,0.0,0.0,0.0,0.0
505,192470677,도서,2026 2차 대비 김승봉 형사법 동형 모의고사 60일 작전(형법｜수사·증거),김승봉 편저,공단기(에스티유니타스),2026년 06월,10,18900,21000.0,210,1020,,,2026,6,,0.0,0.0,0.0,0.0,0.0
506,192468484,만화,블루 피리어드 5,야마구치 츠바사 글그림/신혜선 역,YNKMEDIA,2026년 06월,10,5400,6000.0,300,1560,,,2026,6,,0.0,0.0,0.0,0.0,0.0
507,192468408,도서,"그림책, 알수록 사랑하게 된다","서혜진, 채송아 저",나는별,2026년 06월,10,18900,21000.0,1050,930,,,2026,6,,0.0,0.0,0.0,0.0,0.0
508,192147781,도서,빌려 타는 인생은 없습니다,우석민 저,나비의활주로,2026년 07월,10,17820,19800.0,990,780,리뷰 총점10.0 정보 더 보기/감추기 종이책 리뷰 (1건) eBook 리뷰 (0건) 종이책 한줄평 (0건) eBook 한줄평 (0건),,2026,7,10.0,1.0,0.0,0.0,0.0,1.0
509,192130777,도서,나는 성장주 투자로 40에 은퇴했다,파돌댁 저,체인지업,2026년 07월,10,20700,23000.0,1150,1050,,,2026,7,,0.0,0.0,0.0,0.0,0.0
510,192021283,도서,서울의 선인,김호연 저,위즈덤하우스,2026년 06월,10,16200,18000.0,900,3477,리뷰 총점9.8 정보 더 보기/감추기 종이책 리뷰 (6건) eBook 리뷰 (0건) 종이책 한줄평 (2건) eBook 한줄평 (0건),,2026,6,9.8,6.0,0.0,2.0,0.0,8.0
511,191889138,만화,이런 게 좋아 12,소류 글그림,학산문화사,2026년 06월,10,7200,8000.0,400,3774,,,2026,6,,0.0,0.0,0.0,0.0,0.0
512,191694905,도서,케이팝 데몬 헌터스 오리지널 무비 코믹북,편집부 저,서울문화사,2026년 06월,10,16200,18000.0,900,2274,,,2026,6,,0.0,0.0,0.0,0.0,0.0
513,191547687,도서,상향혼,서재민 저,아트라상,2026년 06월,10,16200,18000.0,900,4122,리뷰 총점10.0 정보 더 보기/감추기 종이책 리뷰 (0건) eBook 리뷰 (0건) 종이책 한줄평 (1건) eBook 한줄평 (0건),,2026,6,10.0,0.0,0.0,1.0,0.0,1.0
514,191486587,도서,거의 모든 일상 표현의 일본어,"케빈 강, TJL 콘텐츠 연구소 저",사람in,2026년 06월,10,21600,24000.0,1200,5763,,,2026,6,,0.0,0.0,0.0,0.0,0.0
515,191479739,도서,쉽고 재밌는 초등 영재 플랩북 뉴욕부터 파리까지 세계의 대도시,롭 로이드 존스 글/데이비드 핸콕 외 그림/송지혜 역,어스본코리아,2026년 06월,10,14400,16000.0,800,3297,리뷰 총점10.0 정보 더 보기/감추기 종이책 리뷰 (2건) eBook 리뷰 (0건) 종이책 한줄평 (99건) eBook 한줄평 (0건),,2026,6,10.0,2.0,0.0,99.0,0.0,101.0
516,191298273,도서,성정혜 영어 독해 GS 전략,성정혜 편저,제이엔비인싸이트,2026년 06월,10,19800,22000.0,1100,4584,리뷰 총점10.0 정보 더 보기/감추기 종이책 리뷰 (2건) eBook 리뷰 (0건) 종이책 한줄평 (2건) eBook 한줄평 (0건),,2026,6,10.0,2.0,0.0,2.0,0.0,4.0
517,191191321,만화,바닷바람과 용의 보금자리 2,시마 아사토 글그림,학산문화사,2026년 06월,10,6300,7000.0,350,14571,리뷰 총점10.0 정보 더 보기/감추기 종이책 리뷰 (2건) eBook 리뷰 (0건) 종이책 한줄평 (3건) eBook 한줄평 (0건),,2026,6,10.0,2.0,0.0,3.0,0.0,5.0
518,190978913,도서,상상 속의 삶,앤드루 포터 저/민은영 역,문학동네,2026년 06월,10,17820,19800.0,990,11730,리뷰 총점9.7 정보 더 보기/감추기 종이책 리뷰 (6건) eBook 리뷰 (0건) 종이책 한줄평 (5건) eBook 한줄평 (1건),,2026,6,9.7,6.0,0.0,5.0,1.0,12.0
519,190803601,도서,2차전지 투자 전략,파란부기 저,경향비피,2026년 07월,10,16920,18800.0,940,6876,리뷰 총점10.0 정보 더 보기/감추기 종이책 리뷰 (0건) eBook 리뷰 (0건) 종이책 한줄평 (1건) eBook 한줄평 (0건),,2026,7,10.0,0.0,0.0,1.0,0.0,1.0
520,190267061,만화,캐릭캐릭 체인지! Jewel Joker 주얼 조커 3,PEACH-PIT 글그림/김수연 역,서울미디어코믹스(서울문화사),2026년 05월,10,5850,6500.0,320,42663,리뷰 총점10.0 정보 더 보기/감추기 종이책 리뷰 (21건) eBook 리뷰 (0건) 종이책 한줄평 (29건) eBook 한줄평 (0건),,2026,5,10.0,21.0,0.0,29.0,0.0,50.0
521,190214345,도서,사람의 마지막 직업,앨리슨 J. 퓨 저/김재경 역,추수밭,2026년 06월,10,25200,28000.0,1400,9639,리뷰 총점10.0 정보 더 보기/감추기 종이책 리뷰 (8건) eBook 리뷰 (0건) 종이책 한줄평 (1건) eBook 한줄평 (0건),,2026,6,10.0,8.0,0.0,1.0,0.0,9.0
522,190213283,도서,똑똑하게 소리 내어 읽는 문해력 2. 문학,이다희 저/조성호 그림,서사원주니어,2026년 06월,10,9900,11000.0,550,5616,리뷰 총점10.0 정보 더 보기/감추기 종이책 리뷰 (32건) eBook 리뷰 (0건) 종이책 한줄평 (1건) eBook 한줄평 (0건),,2026,6,10.0,32.0,0.0,1.0,0.0,33.0
523,190211812,도서,쉽게 읽고 보는 위대한 질문 도감,정상영 글/신응섭 그림,진선아이,2026년 06월,10,11700,13000.0,650,4926,리뷰 총점10.0 정보 더 보기/감추기 종이책 리뷰 (55건) eBook 리뷰 (0건) 종이책 한줄평 (1건) eBook 한줄평 (0건),,2026,6,10.0,55.0,0.0,1.0,0.0,56.0
524,190136349,도서,감정사회,마렌 우르너 저/마정현 역,다람,2026년 06월,10,16920,18800.0,940,4413,,,2026,6,,0.0,0.0,0.0,0.0,0.0
525,189679764,도서,미라클 에디팅,디에디트 저,북스톤,2026년 06월,10,19800,22000.0,1100,8544,리뷰 총점10.0 정보 더 보기/감추기 종이책 리뷰 (2건) eBook 리뷰 (0건) 종이책 한줄평 (1건) eBook 한줄평 (0건),,2026,6,10.0,2.0,0.0,1.0,0.0,3.0
526,189599083,도서,산곡미풍,위화 저/백도라지 역,푸른숲,2026년 05월,10,16200,18000.0,900,12063,리뷰 총점9.8 정보 더 보기/감추기 종이책 리뷰 (29건) eBook 리뷰 (0건) 종이책 한줄평 (8건) eBook 한줄평 (0건),,2026,5,9.8,29.0,0.0,8.0,0.0,37.0
527,189440981,도서,반짝이는 안녕,황영미 저,우리학교,2026년 05월,10,13500,15000.0,750,8691,리뷰 총점9.7 정보 더 보기/감추기 종이책 리뷰 (11건) eBook 리뷰 (0건) 종이책 한줄평 (1건) eBook 한줄평 (0건),,2026,5,9.7,11.0,0.0,1.0,0.0,12.0
528,189349397,도서,미루지 않는 뇌,스가와라 미치히토 저/김동희 역,영진닷컴,2026년 05월,10,15300,17000.0,850,3504,리뷰 총점9.9 정보 더 보기/감추기 종이책 리뷰 (28건) eBook 리뷰 (0건) 종이책 한줄평 (7건) eBook 한줄평 (0건),,2026,5,9.9,28.0,0.0,7.0,0.0,35.0
529,189187560,도서,AI 격차,"강협, 김종우, 김용담, 강수진 저",도서담,2026년 06월,10,19800,22000.0,1100,11793,,,2026,6,,0.0,0.0,0.0,0.0,0.0
530,189182765,도서,COMPACT 형법,김기용 저,타임노트,2026년 05월,0,34000,34000.0,0,6030,리뷰 총점10.0 정보 더 보기/감추기 종이책 리뷰 (0건) eBook 리뷰 (0건) 종이책 한줄평 (1건) eBook 한줄평 (0건),,2026,5,10.0,0.0,0.0,1.0,0.0,1.0
531,188943008,도서,흔한남매 이상한 나라의 고전 읽기 9,"최재훈 글/정주연 그림/흔한남매, 흔한컴퍼니 감수",미래엔아이세움,2026년 05월,10,15120,16800.0,840,12054,리뷰 총점10.0 정보 더 보기/감추기 종이책 리뷰 (41건) eBook 리뷰 (0건) 종이책 한줄평 (6건) eBook 한줄평 (0건),,2026,5,10.0,41.0,0.0,6.0,0.0,47.0
532,188930638,도서,2026 써니 행정법각론 기본서,박준철 편저,공단기(에스티유니타스),2026년 05월,10,21600,24000.0,240,3399,리뷰 총점10.0 정보 더 보기/감추기 종이책 리뷰 (3건) eBook 리뷰 (0건) 종이책 한줄평 (5건) eBook 한줄평 (0건),,2026,5,10.0,3.0,0.0,5.0,0.0,8.0
533,188017874,도서,읽으면서 바로 써먹는 어린이 낱말 퍼즐,한날 글그림,파란정원,2026년 04월,10,11700,13000.0,650,27930,리뷰 총점10.0 정보 더 보기/감추기 종이책 리뷰 (13건) eBook 리뷰 (0건) 종이책 한줄평 (13건) eBook 한줄평 (0건),,2026,4,10.0,13.0,0.0,13.0,0.0,26.0
534,188012260,도서,2027 심우철 영기싹 하프 모의고사,심우철 저,공단기(에스티유니타스),2026년 04월,10,10800,12000.0,120,8268,,,2026,4,,0.0,0.0,0.0,0.0,0.0
535,187023596,도서,"원큐패스 서경석 한국사능력검정시험 심화 기출문제집 (저자 직강 무료 동영상, 제77회 기출문제 수록)",서경석 저,다락원,2026년 04월,10,16200,18000.0,900,11991,리뷰 총점9.9 정보 더 보기/감추기 종이책 리뷰 (14건) eBook 리뷰 (0건) 종이책 한줄평 (5건) eBook 한줄평 (0건),,2026,4,9.9,14.0,0.0,5.0,0.0,19.0
536,184397059,도서,아홉 살에 시작하는 똑똑한 초등신문 4,신효원 글,책장속북스,2026년 05월,10,17550,19500.0,970,23562,리뷰 총점9.9 정보 더 보기/감추기 종이책 리뷰 (63건) eBook 리뷰 (0건) 종이책 한줄평 (14건) eBook 한줄평 (0건),,2026,5,9.9,63.0,0.0,14.0,0.0,77.0
537,183914813,도서,JLPT(일본어능력시험) 한권으로 끝내기 N3,"이치우, 기타지마 치즈코, 김윤선, 도리이 마이코 저",다락원,2026년 04월,10,25200,28000.0,1400,22008,리뷰 총점10.0 정보 더 보기/감추기 종이책 리뷰 (1건) eBook 리뷰 (0건) 종이책 한줄평 (4건) eBook 한줄평 (0건),,2026,4,10.0,1.0,0.0,4.0,0.0,5.0
538,183802431,도서,투자 불패의 법칙,배리 리트홀츠 저/이영래 역,인플루엔셜,2026년 03월,10,26820,29800.0,1490,18396,리뷰 총점9.9 정보 더 보기/감추기 종이책 리뷰 (29건) eBook 리뷰 (2건) 종이책 한줄평 (15건) eBook 한줄평 (2건),,2026,3,9.9,29.0,2.0,15.0,2.0,48.0
539,183185337,도서,할 수 있다! AI 주식 투자,머신러너 저,에프엔미디어,2026년 04월,10,22500,25000.0,1250,26952,리뷰 총점8.5 정보 더 보기/감추기 종이책 리뷰 (16건) eBook 리뷰 (0건) 종이책 한줄평 (9건) eBook 한줄평 (3건),,2026,4,8.5,16.0,0.0,9.0,3.0,28.0
540,182639140,도서,평생 월 500만 원 받는 월배당 ETF,배당의만장 저,노티스,2026년 03월,10,20700,23000.0,1150,51723,리뷰 총점9.9 정보 더 보기/감추기 종이책 리뷰 (28건) eBook 리뷰 (0건) 종이책 한줄평 (18건) eBook 한줄평 (3건),,2026,3,9.9,28.0,0.0,18.0,3.0,49.0
541,182625680,도서,2026 시대에듀 투자자산운용사 실제유형 모의고사 + 특별부록 PASSCODE Premium Plus ver 2.0,유창호 편저,시대고시기획 시대교육,2026년 04월,10,49500,55000.0,2750,18234,리뷰 총점10.0 정보 더 보기/감추기 종이책 리뷰 (14건) eBook 리뷰 (0건) 종이책 한줄평 (4건) eBook 한줄평 (0건),,2026,4,10.0,14.0,0.0,4.0,0.0,18.0
542,182624787,도서,도시는 무엇으로 사는가,유현준 저,을유문화사,2026년 03월,10,18000,20000.0,1000,19989,리뷰 총점9.5 정보 더 보기/감추기 종이책 리뷰 (18건) eBook 리뷰 (1건) 종이책 한줄평 (6건) eBook 한줄평 (1건),,2026,3,9.5,18.0,1.0,6.0,1.0,26.0
543,182437413,도서,JLPT(일본어능력시험) 한권으로 끝내기 N1,"이치우, 기타지마 치즈코, 김성곤 저",다락원,2026년 03월,10,25200,28000.0,1400,14376,리뷰 총점10.0 정보 더 보기/감추기 종이책 리뷰 (4건) eBook 리뷰 (0건) 종이책 한줄평 (5건) eBook 한줄평 (1건),,2026,3,10.0,4.0,0.0,5.0,1.0,10.0
544,182300211,도서,모든 날들이 행복했으면 좋겠어,갱여운 저,하이스트,2026년 03월,10,16920,18800.0,940,21846,리뷰 총점10.0 정보 더 보기/감추기 종이책 리뷰 (16건) eBook 리뷰 (0건) 종이책 한줄평 (1건) eBook 한줄평 (0건),,2026,3,10.0,16.0,0.0,1.0,0.0,17.0
545,181126101,도서,2026 김건호 행정법각론 비교불가 행정법각론 기출지문 OX,김건호 저,(주)박영사,2026년 03월,0,17000,17000.0,510,5580,리뷰 총점9.5 정보 더 보기/감추기 종이책 리뷰 (7건) eBook 리뷰 (0건) 종이책 한줄평 (5건) eBook 한줄평 (0건),,2026,3,9.5,7.0,0.0,5.0,0.0,12.0
546,177867013,도서,2026 이기적 CPPG 개인정보관리사 기출 900제,"이제이, 박재웅 저",영진닷컴,2026년 03월,10,25200,28000.0,1400,3303,리뷰 총점9.8 정보 더 보기/감추기 종이책 리뷰 (7건) eBook 리뷰 (1건) 종이책 한줄평 (0건) eBook 한줄평 (0건),,2026,3,9.8,7.0,1.0,0.0,0.0,8.0
547,177134797,도서,2026 해커스경찰 박철한 경찰헌법 실전동형모의고사 (경찰공무원),박철한 편저,해커스경찰,2026년 02월,5,24700,26000.0,780,9012,리뷰 총점10.0 정보 더 보기/감추기 종이책 리뷰 (14건) eBook 리뷰 (0건) 종이책 한줄평 (0건) eBook 한줄평 (0건),,2026,2,10.0,14.0,0.0,0.0,0.0,14.0
548,177078745,도서,2026 시나공 정보처리기사 실기 기본서,"길벗알앤디, 김정준 저",길벗,2026년 02월,10,36000,40000.0,2000,13788,리뷰 총점10.0 정보 더 보기/감추기 종이책 리뷰 (2건) eBook 리뷰 (0건) 종이책 한줄평 (11건) eBook 한줄평 (0건),,2026,2,10.0,2.0,0.0,11.0,0.0,13.0
549,176915676,도서,똑똑하게 소리 내어 읽는 문해력 1 : 생활문,이다희 저,서사원주니어,2026년 02월,10,9900,11000.0,550,6426,리뷰 총점10.0 정보 더 보기/감추기 종이책 리뷰 (25건) eBook 리뷰 (0건) 종이책 한줄평 (2건) eBook 한줄평 (0건),,2026,2,10.0,25.0,0.0,2.0,0.0,27.0
550,171432215,도서,뇌는 어떻게 나를 조종하는가,크리스 나이바우어 저/김윤종 역,클랩북스,2026년 01월,10,16920,18800.0,940,52374,리뷰 총점9.4 정보 더 보기/감추기 종이책 리뷰 (49건) eBook 리뷰 (1건) 종이책 한줄평 (36건) eBook 한줄평 (15건),,2026,1,9.4,49.0,1.0,36.0,15.0,101.0
551,169902356,도서,캔들차트 하나로 끝내는 추세추종 투자,성승현 저,포르체,2026년 01월,10,22500,25000.0,1250,96411,리뷰 총점8.7 정보 더 보기/감추기 종이책 리뷰 (31건) eBook 리뷰 (0건) 종이책 한줄평 (38건) eBook 한줄평 (0건),,2026,1,8.7,31.0,0.0,38.0,0.0,69.0
552,167627172,도서,흔한남매 21,흔한남매 원저/백난도 글/유난희 그림/흔한컴퍼니 감수,미래엔아이세움,2025년 12월,10,15120,16800.0,840,134313,리뷰 총점9.7 정보 더 보기/감추기 종이책 리뷰 (80건) eBook 리뷰 (0건) 종이책 한줄평 (80건) eBook 한줄평 (0건),,2025,12,9.7,80.0,0.0,80.0,0.0,160.0
553,166577463,도서,죽은 왕녀를 위한 파반느 (양장 특별판),박민규 저,위즈덤하우스,2025년 11월,10,18000,20000.0,1000,108618,리뷰 총점9.3 정보 더 보기/감추기 종이책 리뷰 (68건) eBook 리뷰 (0건) 종이책 한줄평 (68건) eBook 한줄평 (49건),,2025,11,9.3,68.0,0.0,68.0,49.0,185.0
554,160408776,도서,대형주 추세추종 투자법칙,이종호(전황) 저,사피엔테스,2025년 11월,10,19800,22000.0,1100,161268,리뷰 총점9.5 정보 더 보기/감추기 종이책 리뷰 (40건) eBook 리뷰 (2건) 종이책 한줄평 (84건) eBook 한줄평 (9건),,2025,11,9.5,40.0,2.0,84.0,9.0,135.0
555,159493426,만화,원피스 ONE PIECE 112,오다 에이이치로 글그림,대원,2025년 10월,10,5400,6000.0,300,55518,리뷰 총점9.8 정보 더 보기/감추기 종이책 리뷰 (54건) eBook 리뷰 (19건) 종이책 한줄평 (99건) eBook 한줄평 (38건),,2025,10,9.8,54.0,19.0,99.0,38.0,210.0
556,153819536,도서,신상문구점,김선영 글,특별한서재,2025년 09월,10,12600,14000.0,700,51591,리뷰 총점9.8 정보 더 보기/감추기 종이책 리뷰 (74건) eBook 리뷰 (0건) 종이책 한줄평 (12건) eBook 한줄평 (0건),,2025,9,9.8,74.0,0.0,12.0,0.0,86.0
557,153712912,도서,2026 에듀윌 산업안전기사 필기 한권끝장 [이론편+기출문제편],최창률 저,에듀윌,2025년 09월,10,34200,38000.0,1900,37620,리뷰 총점9.6 정보 더 보기/감추기 종이책 리뷰 (19건) eBook 리뷰 (0건) 종이책 한줄평 (9건) eBook 한줄평 (0건),,2025,9,9.6,19.0,0.0,9.0,0.0,28.0
558,153170791,도서,미술관 여행자를 위한 도슨트 북,카미유 주노 저/이세진 역,윌북(willbook),2025년 10월,10,29700,33000.0,1650,70410,리뷰 총점9.3 정보 더 보기/감추기 종이책 리뷰 (57건) eBook 리뷰 (0건) 종이책 한줄평 (64건) eBook 한줄평 (3건),,2025,10,9.3,57.0,0.0,64.0,3.0,124.0
559,147348375,도서,한 권으로 끝내는 해커스 토익 600+ (LC+RC+VOCA),해커스 어학연구소 저,해커스어학연구소,2025년 06월,10,15030,16700.0,830,23664,리뷰 총점9.9 정보 더 보기/감추기 종이책 리뷰 (31건) eBook 리뷰 (0건) 종이책 한줄평 (6건) eBook 한줄평 (0건),,2025,6,9.9,31.0,0.0,6.0,0.0,37.0
560,147178677,도서,단 한 줄만 내 마음에 새긴다고 해도,나민애 저,포레스트북스,2025년 06월,10,21420,23800.0,1190,211188,리뷰 총점9.8 정보 더 보기/감추기 종이책 리뷰 (81건) eBook 리뷰 (0건) 종이책 한줄평 (73건) eBook 한줄평 (0건),,2025,6,9.8,81.0,0.0,73.0,0.0,154.0
561,141709783,도서,프란시스코의 나비,프란시스코 히메네스 저/하정임 역,다른,2025년 02월,10,15120,16800.0,840,11538,리뷰 총점9.6 정보 더 보기/감추기 종이책 리뷰 (5건) eBook 리뷰 (0건) 종이책 한줄평 (6건) eBook 한줄평 (0건),,2025,2,9.6,5.0,0.0,6.0,0.0,11.0
562,141516021,도서,해커스 JLPT N3(일본어능력시험) 한권합격,해커스 JLPT 연구소 저,해커스어학연구소,2025년 01월,10,24300,27000.0,1350,61458,리뷰 총점9.9 정보 더 보기/감추기 종이책 리뷰 (44건) eBook 리뷰 (0건) 종이책 한줄평 (25건) eBook 한줄평 (0건),,2025,1,9.9,44.0,0.0,25.0,0.0,69.0
563,139999483,도서,아이의 뇌,김붕년 저,포레스트북스,2024년 12월,10,16020,17800.0,890,38745,리뷰 총점9.9 정보 더 보기/감추기 종이책 리뷰 (73건) eBook 리뷰 (0건) 종이책 한줄평 (39건) eBook 한줄평 (0건),,2024,12,9.9,73.0,0.0,39.0,0.0,112.0
564,133970239,도서,ETS 토익 단기공략 950+ (LC+RC),ETS 저,YBM(와이비엠),2024년 09월,10,17550,19500.0,970,30612,리뷰 총점9.5 정보 더 보기/감추기 종이책 리뷰 (42건) eBook 리뷰 (0건) 종이책 한줄평 (53건) eBook 한줄평 (0건),,2024,9,9.5,42.0,0.0,53.0,0.0,95.0
565,133809700,도서,퓨처 셀프 30만 부 기념 스페셜 에디션,벤저민 하디 저/최은아 역,상상스퀘어,2024년 09월,10,19800,22000.0,1100,86445,리뷰 총점9.2 정보 더 보기/감추기 종이책 리뷰 (82건) eBook 리뷰 (10건) 종이책 한줄평 (115건) eBook 한줄평 (25건),,2024,9,9.2,82.0,10.0,115.0,25.0,232.0
566,127812923,만화,주술회전 26 일반판,아쿠타미 게게 글그림/이정운 역,서울미디어코믹스(서울문화사),2024년 06월,10,5400,6000.0,300,29928,리뷰 총점9.7 정보 더 보기/감추기 종이책 리뷰 (29건) eBook 리뷰 (44건) 종이책 한줄평 (51건) eBook 한줄평 (68건),,2024,6,9.7,29.0,44.0,51.0,68.0,192.0
567,125992096,도서,빨모쌤의 라이브 영어회화,신용하 저,웅진지식하우스,2024년 04월,10,19800,22000.0,1100,46845,리뷰 총점9.6 정보 더 보기/감추기 종이책 리뷰 (166건) eBook 리뷰 (169건) 종이책 한줄평 (205건) eBook 한줄평 (206건),,2024,4,9.6,166.0,169.0,205.0,206.0,746.0
568,125817034,도서,장수탕 선녀님,백희나 글그림,스토리보울,2024년 04월,10,13500,15000.0,750,26316,리뷰 총점9.6 정보 더 보기/감추기 종이책 리뷰 (33건) eBook 리뷰 (0건) 종이책 한줄평 (16건) eBook 한줄평 (0건),,2024,4,9.6,33.0,0.0,16.0,0.0,49.0
569,125402899,도서,착! 붙는 중국어 독학 첫걸음,"허은진, 츠징위, 중국어공부기술연구소 저",시사중국어사,2024년 03월,10,15120,16800.0,840,32898,리뷰 총점9.8 정보 더 보기/감추기 종이책 리뷰 (34건) eBook 리뷰 (173건) 종이책 한줄평 (17건) eBook 한줄평 (216건),,2024,3,9.8,34.0,173.0,17.0,216.0,440.0
570,125300210,도서,어린이 훈민정음 1-1,성정일 저,시서례,2024년 03월,10,7920,8800.0,440,25698,리뷰 총점9.9 정보 더 보기/감추기 종이책 리뷰 (34건) eBook 리뷰 (0건) 종이책 한줄평 (30건) eBook 한줄평 (0건),,2024,3,9.9,34.0,0.0,30.0,0.0,64.0
571,125184001,만화,주술회전 25 일반판,아쿠타미 게게 글그림/이정운 역,서울미디어코믹스(서울문화사),2024년 02월,10,5400,6000.0,300,28314,리뷰 총점9.7 정보 더 보기/감추기 종이책 리뷰 (57건) eBook 리뷰 (52건) 종이책 한줄평 (110건) eBook 한줄평 (80건),,2024,2,9.7,57.0,52.0,110.0,80.0,299.0
572,120467694,도서,슈퍼 파닉스 한글 1 모음,기적학습연구소 저,길벗스쿨,2023년 08월,10,11700,13000.0,650,14397,리뷰 총점10.0 정보 더 보기/감추기 종이책 리뷰 (15건) eBook 리뷰 (0건) 종이책 한줄평 (18건) eBook 한줄평 (0건),,2023,8,10.0,15.0,0.0,18.0,0.0,33.0
573,119882948,도서,김재우의 영어회화 100,김재우 저,상상스퀘어,2023년 07월,10,19800,22000.0,1100,45888,리뷰 총점9.3 정보 더 보기/감추기 종이책 리뷰 (82건) eBook 리뷰 (18건) 종이책 한줄평 (127건) eBook 한줄평 (24건),,2023,7,9.3,82.0,18.0,127.0,24.0,251.0
574,119120517,도서,역행자 확장판,자청 저,웅진지식하우스,2023년 05월,10,17550,19500.0,970,28620,리뷰 총점8.5 정보 더 보기/감추기 종이책 리뷰 (211건) eBook 리뷰 (10건) 종이책 한줄평 (345건) eBook 한줄평 (392건),,2023,5,8.5,211.0,10.0,345.0,392.0,958.0
575,116586056,도서,나미야 잡화점의 기적,히가시노 게이고 저/양윤옥 역,현대문학,2022년 12월,10,16920,18800.0,940,47142,리뷰 총점9.4 정보 더 보기/감추기 종이책 리뷰 (62건) eBook 리뷰 (169건) 종이책 한줄평 (75건) eBook 한줄평 (585건),,2022,12,9.4,62.0,169.0,75.0,585.0,891.0
576,116072475,도서,해커스 토익 실전 1000제 1 LC Listening (리스닝) 문제집,해커스 어학연구소 저,해커스어학연구소,2024년 06월,10,10710,11900.0,590,29445,리뷰 총점9.4 정보 더 보기/감추기 종이책 리뷰 (46건) eBook 리뷰 (5건) 종이책 한줄평 (44건) eBook 한줄평 (9건),,2024,6,9.4,46.0,5.0,44.0,9.0,104.0
577,115275383,도서,왜 나는 너를 사랑하는가,알랭 드 보통 저/정영목 역,청미래,2022년 11월,10,12600,14000.0,700,41244,리뷰 총점9.4 정보 더 보기/감추기 종이책 리뷰 (51건) eBook 리뷰 (0건) 종이책 한줄평 (49건) eBook 한줄평 (0건),,2022,11,9.4,51.0,0.0,49.0,0.0,100.0
578,110657710,도서,꽁꽁꽁 아이스크림,윤정주 글그림,책읽는곰,2022년 07월,10,12600,14000.0,700,12855,리뷰 총점9.9 정보 더 보기/감추기 종이책 리뷰 (49건) eBook 리뷰 (0건) 종이책 한줄평 (63건) eBook 한줄평 (0건),,2022,7,9.9,49.0,0.0,63.0,0.0,112.0
579,108850617,도서,내가 틀릴 수도 있습니다,비욘 나티코 린데블라드 저/토마스 산체스 그림/박미경 역,다산초당,2024년 01월,10,16200,18000.0,900,72414,리뷰 총점9.3 정보 더 보기/감추기 종이책 리뷰 (255건) eBook 리뷰 (15건) 종이책 한줄평 (329건) eBook 한줄평 (126건),,2024,1,9.3,255.0,15.0,329.0,126.0,725.0
580,103990890,도서,제로 투 원 (10주년 기념판),"피터 틸, 블레이크 매스터스 저/이지연 역",한국경제신문사(한경비피),2025년 04월,10,16200,18000.0,900,84969,리뷰 총점9.7 정보 더 보기/감추기 종이책 리뷰 (55건) eBook 리뷰 (0건) 종이책 한줄평 (150건) eBook 한줄평 (0건),,2025,4,9.7,55.0,0.0,150.0,0.0,205.0
581,103937322,도서,안녕! 내 친구 코야,작은북 글/오연진 그림,블루래빗,2021년 08월,10,25650,28500.0,1420,44799,리뷰 총점9.6 정보 더 보기/감추기 종이책 리뷰 (20건) eBook 리뷰 (0건) 종이책 한줄평 (18건) eBook 한줄평 (0건),,2021,8,9.6,20.0,0.0,18.0,0.0,38.0
582,101864763,도서,죽이고 싶은 아이,이꽃님 저,우리학교,2021년 06월,10,11250,12500.0,620,72858,리뷰 총점9.5 정보 더 보기/감추기 종이책 리뷰 (162건) eBook 리뷰 (248건) 종이책 한줄평 (218건) eBook 한줄평 (399건),,2021,6,9.5,162.0,248.0,218.0,399.0,1027.0
583,101757762,도서,해커스 첫토익 LC+RC+VOCA,해커스 토익연구소 저,해커스어학연구소,2024년 08월,10,13410,14900.0,740,21078,리뷰 총점9.8 정보 더 보기/감추기 종이책 리뷰 (31건) eBook 리뷰 (4건) 종이책 한줄평 (38건) eBook 한줄평 (7건),,2024,8,9.8,31.0,4.0,38.0,7.0,80.0
584,101624325,도서,백년허리2 치료편,정선근 저,언탱글링,2021년 05월,10,16650,18500.0,920,65022,리뷰 총점9.7 정보 더 보기/감추기 종이책 리뷰 (93건) eBook 리뷰 (0건) 종이책 한줄평 (173건) eBook 한줄평 (0건),,2021,5,9.7,93.0,0.0,173.0,0.0,266.0
585,96378780,도서,EEA : English for Everyday Activities 일상표현 낭독편,Lawrence J. Zwier 저,Compass Publishing,2020년 12월,10,12600,14000.0,700,18507,리뷰 총점8.9 정보 더 보기/감추기 종이책 리뷰 (66건) eBook 리뷰 (5건) 종이책 한줄평 (107건) eBook 한줄평 (9건),,2020,12,8.9,66.0,5.0,107.0,9.0,187.0
586,90765114,도서,내 어머니 이야기 1~4권 세트,김은성 글그림,문학동네,2020년 06월,10,55800,62000.0,3100,3012,리뷰 총점7.6 정보 더 보기/감추기 종이책 리뷰 (3건) eBook 리뷰 (0건) 종이책 한줄평 (2건) eBook 한줄평 (0건),,2020,6,7.6,3.0,0.0,2.0,0.0,5.0
587,89381473,도서,구름빵,백희나 저,한솔수북,2019년 12월,10,11700,13000.0,650,22833,리뷰 총점9.3 정보 더 보기/감추기 종이책 리뷰 (65건) eBook 리뷰 (0건) 종이책 한줄평 (113건) eBook 한줄평 (0건),,2019,12,9.3,65.0,0.0,113.0,0.0,178.0
588,86545658,도서,지적 대화를 위한 넓고 얕은 지식 1,채사장 저,웨일북,2020년 02월,10,17100,19000.0,950,51138,리뷰 총점9.3 정보 더 보기/감추기 종이책 리뷰 (164건) eBook 리뷰 (16건) 종이책 한줄평 (282건) eBook 한줄평 (237건),,2020,2,9.3,164.0,16.0,282.0,237.0,699.0
589,71932860,도서,시장과 가격 쫌 아는 10대,석혜원 저/신병근 그림,풀빛,2019년 04월,10,11700,13000.0,650,20862,리뷰 총점9.3 정보 더 보기/감추기 종이책 리뷰 (29건) eBook 리뷰 (1건) 종이책 한줄평 (27건) eBook 한줄평 (2건),,2019,4,9.3,29.0,1.0,27.0,2.0,59.0
590,69734145,도서,시간의 계단 1,주영하 저,블라썸,2019년 02월,10,14220,15800.0,790,2076,리뷰 총점9.4 정보 더 보기/감추기 종이책 리뷰 (12건) eBook 리뷰 (0건) 종이책 한줄평 (25건) eBook 한줄평 (0건),,2019,2,9.4,12.0,0.0,25.0,0.0,37.0
591,45514480,도서,5초의 법칙,멜 로빈스 저/정미화 역,한빛비즈,2017년 09월,10,15750,17500.0,870,7170,리뷰 총점9.7 정보 더 보기/감추기 종이책 리뷰 (68건) eBook 리뷰 (5건) 종이책 한줄평 (544건) eBook 한줄평 (28건),,2017,9,9.7,68.0,5.0,544.0,28.0,645.0
592,43862350,도서,우리는 언제나 다시 만나,윤여림 글/안녕달 그림,위즈덤하우스,2017년 07월,10,10800,12000.0,600,208608,리뷰 총점9.8 정보 더 보기/감추기 종이책 리뷰 (306건) eBook 리뷰 (0건) 종이책 한줄평 (356건) eBook 한줄평 (3건),,2017,7,9.8,306.0,0.0,356.0,3.0,665.0
593,29074412,도서,시지프 신화,알베르 까뮈 저/김화영 역,민음사,2016년 06월,10,10800,12000.0,600,32052,리뷰 총점9.8 정보 더 보기/감추기 종이책 리뷰 (70건) eBook 리뷰 (162건) 종이책 한줄평 (111건) eBook 한줄평 (230건),,2016,6,9.8,70.0,162.0,111.0,230.0,573.0
594,15156691,도서,정의란 무엇인가,마이클 샌델 저/김명철 역/김선욱 감수,와이즈베리,2014년 11월,10,16200,18000.0,900,68970,리뷰 총점9.5 정보 더 보기/감추기 종이책 리뷰 (246건) eBook 리뷰 (47건) 종이책 한줄평 (517건) eBook 한줄평 (116건),,2014,11,9.5,246.0,47.0,517.0,116.0,926.0
595,15020520,도서,네이티브는 쉬운 영어로 말한다,박수진 저,길벗이지톡,2014년 11월,10,13500,15000.0,750,4854,리뷰 총점9.2 정보 더 보기/감추기 종이책 리뷰 (13건) eBook 리뷰 (3건) 종이책 한줄평 (28건) eBook 한줄평 (8건),,2014,11,9.2,13.0,3.0,28.0,8.0,52.0
596,14203791,도서,바다 100층짜리 집,이와이 도시오 저,북뱅크,2014년 09월,10,9900,11000.0,550,29805,리뷰 총점9.7 정보 더 보기/감추기 종이책 리뷰 (139건) eBook 리뷰 (0건) 종이책 한줄평 (176건) eBook 한줄평 (0건),,2014,9,9.7,139.0,0.0,176.0,0.0,315.0
597,12320214,도서,오즈의 의류수거함,유영민 저,자음과모음,2014년 03월,10,14400,16000.0,800,7341,리뷰 총점9.2 정보 더 보기/감추기 종이책 리뷰 (60건) eBook 리뷰 (1건) 종이책 한줄평 (56건) eBook 한줄평 (11건),,2014,3,9.2,60.0,1.0,56.0,11.0,128.0
598,359901,도서,자기 앞의 생,로맹 가리 저/용경식 역,문학동네,2003년 05월,10,14400,16000.0,800,34812,리뷰 총점9.6 정보 더 보기/감추기 종이책 리뷰 (359건) eBook 리뷰 (39건) 종이책 한줄평 (912건) eBook 한줄평 (108건),,2003,5,9.6,359.0,39.0,912.0,108.0,1418.0
599,135880,도서,달과 6펜스,윌리엄 서머싯 몸 저,민음사,2000년 06월,10,9000,10000.0,500,53178,리뷰 총점9.4 정보 더 보기/감추기 종이책 리뷰 (309건) eBook 리뷰 (49건) 종이책 한줄평 (289건) eBook 한줄평 (111건),,2000,6,9.4,309.0,49.0,289.0,111.0,758.0
600,101402,도서,꽃들에게 희망을,트리나 폴러스 저/김석희 역,시공주니어,1999년 09월,10,13500,15000.0,750,47418,리뷰 총점9.6 정보 더 보기/감추기 종이책 리뷰 (146건) eBook 리뷰 (0건) 종이책 한줄평 (148건) eBook 한줄평 (0건),,1999,9,9.6,146.0,0.0,148.0,0.0,294.0
601,1315,도서,누가 내 머리에 똥쌌어?,베르너 홀츠바르트 글/볼프 예를브루흐 그림,사계절,2002년 01월,10,9900,11000.0,550,30918,리뷰 총점9.4 정보 더 보기/감추기 종이책 리뷰 (253건) eBook 리뷰 (0건) 종이책 한줄평 (191건) eBook 한줄평 (0건),,2002,1,9.4,253.0,0.0,191.0,0.0,444.0
602,192468327,도서,피아노로의 여정,Ryuichi Sakamoto 저/황국영 역,프란츠,2026년 06월,10,20700,23000.0,1150,1020,,,2026,6,,0.0,0.0,0.0,0.0,0.0
603,192126754,도서,고래의 포트폴리오,정주용 저,매일경제신문사,2026년 06월,10,19800,22000.0,1100,2910,리뷰 총점10.0 정보 더 보기/감추기 종이책 리뷰 (4건) eBook 리뷰 (0건) 종이책 한줄평 (1건) eBook 한줄평 (0건),,2026,6,10.0,4.0,0.0,1.0,0.0,5.0
604,191944038,도서,일본 책방 도감,마사키 데쓰야 저/백운숙 역,윌북(willbook),2026년 06월,10,20700,23000.0,1150,3150,리뷰 총점10.0 정보 더 보기/감추기 종이책 리뷰 (6건) eBook 리뷰 (0건) 종이책 한줄평 (0건) eBook 한줄평 (0건),,2026,6,10.0,6.0,0.0,0.0,0.0,6.0
605,189855418,도서,"조코딩의 바이브 코딩 1인 창업 with 클로드 코드, 수파베이스, 스트라이프",조동근 저,한빛미디어,2026년 05월,10,27000,30000.0,1500,19929,리뷰 총점9.5 정보 더 보기/감추기 종이책 리뷰 (11건) eBook 리뷰 (1건) 종이책 한줄평 (0건) eBook 한줄평 (0건),,2026,5,9.5,11.0,1.0,0.0,0.0,12.0
606,192566176,만화,과분한 남친 12,호시노 미즈키 글그림/김수연 역,서울미디어코믹스(서울문화사),2026년 06월,10,5400,6000.0,300,420,,,2026,6,,0.0,0.0,0.0,0.0,0.0
607,192492704,도서,비밀구락부,이화경 저,한길사,2026년 06월,10,16200,18000.0,900,1770,,,2026,6,,0.0,0.0,0.0,0.0,0.0
608,192474514,도서,당신은 더 잘 쓰게 된다,이기원 저,오늘산책,2026년 07월,10,16650,18500.0,920,1170,,,2026,7,,0.0,0.0,0.0,0.0,0.0
609,192472049,도서,2027 심슨 문법,심우철 저,공단기(에스티유니타스),2026년 06월,10,15300,17000.0,170,1320,,,2026,6,,0.0,0.0,0.0,0.0,0.0
610,192468319,만화,어서 와 수평선 1 트리플 특전판,와타베 타이요 글그림,대원,2026년 06월,10,6300,7000.0,350,2220,,,2026,6,,0.0,0.0,0.0,0.0,0.0
611,192207256,도서,수의사 설채현의 강아지 성장수업,설채현 저,김영사,2026년 06월,10,25200,28000.0,1400,660,,,2026,6,,0.0,0.0,0.0,0.0,0.0
612,192144517,만화,TANK CHAIR -탱크체어- 2,야시로 마나부 글그림,대원,2026년 06월,10,6300,7000.0,350,1740,,,2026,6,,0.0,0.0,0.0,0.0,0.0
613,192144506,만화,TANK CHAIR -탱크체어- 1,야시로 마나부 글그림,대원,2026년 06월,10,6300,7000.0,350,1860,,,2026,6,,0.0,0.0,0.0,0.0,0.0
614,192107483,도서,Go Go 카카오프렌즈 안전을 부탁해! 5 폭우,조주희 글/우기연 그림,아울북,2026년 06월,10,15210,16900.0,840,1992,리뷰 총점10.0 정보 더 보기/감추기 종이책 리뷰 (0건) eBook 리뷰 (0건) 종이책 한줄평 (1건) eBook 한줄평 (0건),,2026,6,10.0,0.0,0.0,1.0,0.0,1.0
615,192107442,도서,2027 조태정 영어 공무원 보카 루트,조태정 편저,사피엔스넷,2026년 06월,10,23400,26000.0,1300,2550,,,2026,6,,0.0,0.0,0.0,0.0,0.0
616,191920266,도서,나의 지옥은 나를 죽이지 못했다,김강우 저,책과삶,2026년 06월,10,17100,19000.0,950,3720,리뷰 총점10.0 정보 더 보기/감추기 종이책 리뷰 (1건) eBook 리뷰 (0건) 종이책 한줄평 (1건) eBook 한줄평 (0건),,2026,6,10.0,1.0,0.0,1.0,0.0,2.0
617,191562981,도서,2026 킹건호 경찰헌법 전범위 모의고사 160제 [2차대비],김건호 편저,박영사,2026년 06월,0,16000,16000.0,480,4314,,,2026,6,,0.0,0.0,0.0,0.0,0.0
618,191559886,도서,산만한 아이의 읽기 쓰기 공부법은 따로 있다,이사비나 저,언더라인,2026년 06월,10,18900,21000.0,1050,3048,리뷰 총점10.0 정보 더 보기/감추기 종이책 리뷰 (1건) eBook 리뷰 (0건) 종이책 한줄평 (3건) eBook 한줄평 (0건),,2026,6,10.0,1.0,0.0,3.0,0.0,4.0
619,191550886,도서,센스 있는 생각에는 틀이 있다,"사토 마키, 아사미 아야카 저/조사연 역",알레,2026년 06월,10,20700,23000.0,1150,3492,리뷰 총점9.8 정보 더 보기/감추기 종이책 리뷰 (18건) eBook 리뷰 (0건) 종이책 한줄평 (0건) eBook 한줄평 (0건),,2026,6,9.8,18.0,0.0,0.0,0.0,18.0
620,191175001,도서,미안하지만 당신의 네트워크 마케팅 상담은 틀렸다,정민규 저,어셈블,2026년 06월,10,16200,18000.0,900,2037,리뷰 총점10.0 정보 더 보기/감추기 종이책 리뷰 (0건) eBook 리뷰 (0건) 종이책 한줄평 (1건) eBook 한줄평 (0건),,2026,6,10.0,0.0,0.0,1.0,0.0,1.0
621,190853388,도서,돈 때문에 불안하다는 착각,다우치 마나부 저/김정환 역,부키,2026년 06월,10,18000,20000.0,1000,18324,리뷰 총점9.9 정보 더 보기/감추기 종이책 리뷰 (20건) eBook 리뷰 (0건) 종이책 한줄평 (5건) eBook 한줄평 (0건),,2026,6,9.9,20.0,0.0,5.0,0.0,25.0
622,190212993,도서,너무 빨리 배우는 아이들,천근아 저,웅진지식하우스,2026년 06월,10,16920,18800.0,940,11091,리뷰 총점10.0 정보 더 보기/감추기 종이책 리뷰 (23건) eBook 리뷰 (0건) 종이책 한줄평 (13건) eBook 한줄평 (0건),,2026,6,10.0,23.0,0.0,13.0,0.0,36.0
623,190210923,도서,흔한남매 세계사 탐험대 6 이슬람 세계,"흔한남매 원저/진서, 예지민, 송효림, 김지연 글 외 4명 정보 더 보기/감추기 흔한남매 진서 예지민 송효림 김지연 팀키즈 흔한컴퍼니 박현도 전국역사교사모임 세계사 분과",주니어김영사,2026년 05월,10,13320,14800.0,740,16161,리뷰 총점10.0 정보 더 보기/감추기 종이책 리뷰 (12건) eBook 리뷰 (0건) 종이책 한줄평 (2건) eBook 한줄평 (0건),,2026,5,10.0,12.0,0.0,2.0,0.0,14.0
624,189758753,도서,86 에이티식스 14,아사토 아사토 글/시라비 그림/한신남 역,미스터블루,2026년 06월,10,7200,8000.0,400,15135,리뷰 총점10.0 정보 더 보기/감추기 종이책 리뷰 (4건) eBook 리뷰 (0건) 종이책 한줄평 (7건) eBook 한줄평 (0건),,2026,6,10.0,4.0,0.0,7.0,0.0,11.0
625,189757580,도서,2026 재경관리사 기출문제집,삼일회계법인 저,삼일인포마인,2026년 05월,5,25650,27000.0,810,5976,리뷰 총점10.0 정보 더 보기/감추기 종이책 리뷰 (0건) eBook 리뷰 (0건) 종이책 한줄평 (1건) eBook 한줄평 (0건),,2026,5,10.0,0.0,0.0,1.0,0.0,1.0
626,189753701,도서,아무리 화가 나도 바보와는 싸우지 마라,다무라 고타로 저/송수진 역,유노북스,2026년 05월,10,16200,18000.0,900,8637,리뷰 총점10.0 정보 더 보기/감추기 종이책 리뷰 (20건) eBook 리뷰 (0건) 종이책 한줄평 (1건) eBook 한줄평 (0건),,2026,5,10.0,20.0,0.0,1.0,0.0,21.0
627,189750871,도서,불안한 날에 니체를 읽는다,프리드리히 니체 저/김상현 역,필름,2026년 05월,10,16200,18000.0,900,18978,리뷰 총점9.9 정보 더 보기/감추기 종이책 리뷰 (14건) eBook 리뷰 (0건) 종이책 한줄평 (4건) eBook 한줄평 (0건),,2026,5,9.9,14.0,0.0,4.0,0.0,18.0
628,189430001,도서,타키 포오 코믹 어드벤처 11,캐릭온TV 원저/안도감 글/김규태 그림,대원씨아이(단행)(대원키즈),2026년 05월,10,14220,15800.0,790,19542,리뷰 총점10.0 정보 더 보기/감추기 종이책 리뷰 (2건) eBook 리뷰 (0건) 종이책 한줄평 (4건) eBook 한줄평 (0건),,2026,5,10.0,2.0,0.0,4.0,0.0,6.0
629,189412111,도서,우리동네 도서관,차인표 저,사유와공감,2026년 05월,10,16200,18000.0,900,28833,리뷰 총점9.7 정보 더 보기/감추기 종이책 리뷰 (23건) eBook 리뷰 (1건) 종이책 한줄평 (7건) eBook 한줄평 (0건),,2026,5,9.7,23.0,1.0,7.0,0.0,31.0
630,189407581,도서,레이건,크레이그 셜리 저/윤희석 역,메디치미디어,2026년 05월,10,22500,25000.0,1250,7902,리뷰 총점8.0 정보 더 보기/감추기 종이책 리뷰 (1건) eBook 리뷰 (0건) 종이책 한줄평 (9건) eBook 한줄평 (0건),,2026,5,8.0,1.0,0.0,9.0,0.0,10.0
631,189404282,만화,향기로운 꽃은 늠름하게 핀다 19 일반판,미카미 사카 글그림,대원,2026년 04월,10,5400,6000.0,300,32070,리뷰 총점10.0 정보 더 보기/감추기 종이책 리뷰 (2건) eBook 리뷰 (0건) 종이책 한줄평 (2건) eBook 한줄평 (0건),,2026,4,10.0,2.0,0.0,2.0,0.0,4.0
632,189381195,도서,이더리움 없는 미래는 없다,"오태민, 유주아, 이정은, 김은미 저",거인의정원,2026년 05월,10,28800,32000.0,1600,24726,리뷰 총점10.0 정보 더 보기/감추기 종이책 리뷰 (1건) eBook 리뷰 (0건) 종이책 한줄평 (2건) eBook 한줄평 (0건),,2026,5,10.0,1.0,0.0,2.0,0.0,3.0
633,189114942,도서,바로바로 제미나이 X 구글 AI,공냥이 저,골든래빗,2026년 06월,10,21600,24000.0,1200,10347,리뷰 총점10.0 정보 더 보기/감추기 종이책 리뷰 (1건) eBook 리뷰 (0건) 종이책 한줄평 (0건) eBook 한줄평 (0건),,2026,6,10.0,1.0,0.0,0.0,0.0,1.0
634,188718676,도서,2027 신광은 형사법 형법 각론 기출 OX 선택형,신광은 편저,느루,2026년 05월,5,43700,46000.0,1380,6126,,,2026,5,,0.0,0.0,0.0,0.0,0.0
635,188182647,도서,변호사 어벤저스 11,고희정 글/최미란 그림/신주영 감수,가나출판사,2026년 04월,10,14220,15800.0,790,7233,리뷰 총점10.0 정보 더 보기/감추기 종이책 리뷰 (41건) eBook 리뷰 (0건) 종이책 한줄평 (1건) eBook 한줄평 (0건),,2026,4,10.0,41.0,0.0,1.0,0.0,42.0
636,188016223,도서,연금 투자 무작정 따라하기,김성일 저,길벗,2026년 05월,10,21600,24000.0,1200,17835,리뷰 총점9.9 정보 더 보기/감추기 종이책 리뷰 (14건) eBook 리뷰 (0건) 종이책 한줄평 (6건) eBook 한줄평 (2건),,2026,5,9.9,14.0,0.0,6.0,2.0,22.0
637,187780471,도서,"모네, 빛의 순간들",박송이 저,빅피시,2026년 05월,10,18900,21000.0,1050,18180,리뷰 총점9.9 정보 더 보기/감추기 종이책 리뷰 (48건) eBook 리뷰 (0건) 종이책 한줄평 (22건) eBook 한줄평 (0건),,2026,5,9.9,48.0,0.0,22.0,0.0,70.0
638,187096644,도서,2027 LEET 대비 파이널 엄선 모의고사 추리논증 3회분,시대인재 LEET 콘텐츠 연구소 저,하이컨시북스,2026년 04월,5,26600,28000.0,840,10314,리뷰 총점10.0 정보 더 보기/감추기 종이책 리뷰 (0건) eBook 리뷰 (0건) 종이책 한줄평 (5건) eBook 한줄평 (0건),,2026,4,10.0,0.0,0.0,5.0,0.0,5.0
639,187026394,도서,에그박사 18,에그박사 원저/박송이 글/홍종현 그림/김보숙 감수,미래엔아이세움,2026년 04월,10,15120,16800.0,840,36489,리뷰 총점9.9 정보 더 보기/감추기 종이책 리뷰 (48건) eBook 리뷰 (0건) 종이책 한줄평 (22건) eBook 한줄평 (0건),,2026,4,9.9,48.0,0.0,22.0,0.0,70.0
640,183879935,도서,2026 해커스경찰 갓대환 형사법 핵심요약집 - 형법(경찰채용ㅣ경찰간부ㅣ7급 공무원ㅣ법원서기보),김대환 편저,해커스경찰,2026년 04월,10,40500,45000.0,450,5730,리뷰 총점10.0 정보 더 보기/감추기 종이책 리뷰 (17건) eBook 리뷰 (0건) 종이책 한줄평 (0건) eBook 한줄평 (0건),,2026,4,10.0,17.0,0.0,0.0,0.0,17.0
641,183878401,도서,2026 해커스경찰 갓대환 형사법 핵심요약집 - 형사소송법(수사와 증거),김대환 편저,해커스경찰,2026년 04월,5,16150,17000.0,510,6204,리뷰 총점10.0 정보 더 보기/감추기 종이책 리뷰 (18건) eBook 리뷰 (0건) 종이책 한줄평 (0건) eBook 한줄평 (0건),,2026,4,10.0,18.0,0.0,0.0,0.0,18.0
642,183747909,도서,2026 해커스경찰 김민철 경찰학 기출1000제,김민철 편저,해커스경찰,2026년 03월,10,39600,44000.0,440,11952,리뷰 총점10.0 정보 더 보기/감추기 종이책 리뷰 (32건) eBook 리뷰 (0건) 종이책 한줄평 (3건) eBook 한줄평 (0건),,2026,3,10.0,32.0,0.0,3.0,0.0,35.0
643,183646241,도서,2026 해커스 투자자산운용사 한권합격 핵심개념+적중문제+공식노트,"백영, 송현남, 민영기, 조중식, 해커스 금융아카데미 편저",해커스금융,2026년 03월,10,34110,37900.0,370,13179,리뷰 총점10.0 정보 더 보기/감추기 종이책 리뷰 (13건) eBook 리뷰 (0건) 종이책 한줄평 (1건) eBook 한줄평 (0건),,2026,3,10.0,13.0,0.0,1.0,0.0,14.0
644,183525510,도서,흔한남매 방방곡곡 한국사 1,"흔한남매 원저/역사곰돌이 글/유난희 그림/미래엔 역사 교과서 집필진, 흔한컴퍼니 감수",미래엔아이세움,2026년 03월,10,15120,16800.0,840,67092,리뷰 총점10.0 정보 더 보기/감추기 종이책 리뷰 (105건) eBook 리뷰 (0건) 종이책 한줄평 (26건) eBook 한줄평 (0건),,2026,3,10.0,105.0,0.0,26.0,0.0,131.0
645,182623619,도서,약속의 세대,백온유 저,문학동네,2026년 03월,10,16200,18000.0,900,16917,리뷰 총점9.8 정보 더 보기/감추기 종이책 리뷰 (15건) eBook 리뷰 (1건) 종이책 한줄평 (20건) eBook 한줄평 (2건),,2026,3,9.8,15.0,1.0,20.0,2.0,38.0
646,181862563,도서,2026 시대에듀 위생사 한권으로 끝내기,국민건강교육학회 편저,시대고시기획 시대교육,2026년 05월,10,37800,42000.0,2100,3600,리뷰 총점9.3 정보 더 보기/감추기 종이책 리뷰 (12건) eBook 리뷰 (0건) 종이책 한줄평 (0건) eBook 한줄평 (0건),,2026,5,9.3,12.0,0.0,0.0,0.0,12.0
647,180488514,도서,아이의 친구 관계,김붕년 저,카시오페아,2026년 03월,10,18000,20000.0,1000,26586,리뷰 총점9.5 정보 더 보기/감추기 종이책 리뷰 (30건) eBook 리뷰 (0건) 종이책 한줄평 (6건) eBook 한줄평 (1건),,2026,3,9.5,30.0,0.0,6.0,1.0,37.0
648,179607928,도서,무지개 목욕탕,강효미 글/밤코 그림,브릭하우스,2026년 03월,10,13500,15000.0,750,34032,리뷰 총점9.9 정보 더 보기/감추기 종이책 리뷰 (16건) eBook 리뷰 (0건) 종이책 한줄평 (12건) eBook 한줄평 (0건),,2026,3,9.9,16.0,0.0,12.0,0.0,28.0
649,178112528,도서,2026 해커스군무원 실전동형모의고사 국어 16회분 (9·7급 군무원),해커스 군무원시험연구소 저,해커스군무원,2026년 02월,10,20610,22900.0,1140,13227,리뷰 총점10.0 정보 더 보기/감추기 종이책 리뷰 (12건) eBook 리뷰 (0건) 종이책 한줄평 (2건) eBook 한줄평 (0건),,2026,2,10.0,12.0,0.0,2.0,0.0,14.0
650,177569712,도서,코스피 1만 넥스트 레벨,박시동 저,지와인,2026년 03월,10,19800,22000.0,1100,65115,리뷰 총점9.5 정보 더 보기/감추기 종이책 리뷰 (19건) eBook 리뷰 (0건) 종이책 한줄평 (26건) eBook 한줄평 (0건),,2026,3,9.5,19.0,0.0,26.0,0.0,45.0
651,176955797,도서,2026 [직8딴] 김영북스 직접 8일 만에 딴 산업안전기사 실기 (필답형+작업형),김진태 저,김영북스,2026년 04월,10,34200,38000.0,1900,24270,리뷰 총점9.8 정보 더 보기/감추기 종이책 리뷰 (38건) eBook 리뷰 (3건) 종이책 한줄평 (12건) eBook 한줄평 (3건),,2026,4,9.8,38.0,3.0,12.0,3.0,56.0
652,176521109,도서,내 심장을 쏴라,정유정 저,은행나무,2026년 02월,10,16200,18000.0,900,48708,리뷰 총점9.1 정보 더 보기/감추기 종이책 리뷰 (247건) eBook 리뷰 (1건) 종이책 한줄평 (100건) eBook 한줄평 (5건),,2026,2,9.1,247.0,1.0,100.0,5.0,353.0
653,175911194,도서,2026~2027 이진욱 세무사의 다이어트 세법,이진욱 편저,배움,2026년 01월,10,37800,42000.0,420,6174,리뷰 총점10.0 정보 더 보기/감추기 종이책 리뷰 (4건) eBook 리뷰 (0건) 종이책 한줄평 (2건) eBook 한줄평 (0건),,2026,1,10.0,4.0,0.0,2.0,0.0,6.0
654,173939425,도서,마음을 읽는 감각,구범준 저,세상을바꾸는시간15분,2026년 01월,10,17820,19800.0,990,43482,리뷰 총점9.8 정보 더 보기/감추기 종이책 리뷰 (56건) eBook 리뷰 (0건) 종이책 한줄평 (16건) eBook 한줄평 (0건),,2026,1,9.8,56.0,0.0,16.0,0.0,72.0
655,170286932,도서,별안간 지구를 소환합니다,박효미 글/홍선주 그림/강현우 감수,봄볕,2025년 12월,10,16200,18000.0,900,1860,리뷰 총점9.7 정보 더 보기/감추기 종이책 리뷰 (14건) eBook 리뷰 (0건) 종이책 한줄평 (1건) eBook 한줄평 (0건),,2025,12,9.7,14.0,0.0,1.0,0.0,15.0
656,168197301,도서,할매,황석영 저,창비,2025년 12월,10,15120,16800.0,840,138066,리뷰 총점9.6 정보 더 보기/감추기 종이책 리뷰 (98건) eBook 리뷰 (0건) 종이책 한줄평 (85건) eBook 한줄평 (0건),,2025,12,9.6,98.0,0.0,85.0,0.0,183.0
657,167785222,도서,가장 완벽한 ADHD 양육 가이드,"박소영, 조성우, 고민수, 김병욱 저",카시오페아,2025년 12월,10,18000,20000.0,1000,18348,리뷰 총점9.8 정보 더 보기/감추기 종이책 리뷰 (12건) eBook 리뷰 (1건) 종이책 한줄평 (8건) eBook 한줄평 (0건),,2025,12,9.8,12.0,1.0,8.0,0.0,21.0
658,158940211,도서,시체는 거짓말하지 않는다,유성호 저,위즈덤하우스,2025년 10월,10,18000,20000.0,1000,30885,리뷰 총점9.6 정보 더 보기/감추기 종이책 리뷰 (61건) eBook 리뷰 (0건) 종이책 한줄평 (21건) eBook 한줄평 (3건),,2025,10,9.6,61.0,0.0,21.0,3.0,85.0
659,158934457,도서,2026 이유진 국어 알고리즘 확장팩,이유진 편저,공단기(에스티유니타스),2025년 10월,10,27900,31000.0,310,4962,리뷰 총점10.0 정보 더 보기/감추기 종이책 리뷰 (3건) eBook 리뷰 (0건) 종이책 한줄평 (3건) eBook 한줄평 (0건),,2025,10,10.0,3.0,0.0,3.0,0.0,6.0
660,155303212,도서,언제나 기억해,찰리 맥커시 저/이진경 역,상상의힘,2025년 10월,10,19800,22000.0,1100,41709,리뷰 총점9.8 정보 더 보기/감추기 종이책 리뷰 (18건) eBook 리뷰 (0건) 종이책 한줄평 (14건) eBook 한줄평 (0건),,2025,10,9.8,18.0,0.0,14.0,0.0,32.0
661,155062262,도서,별빛관 비밀 친구,원림 글/안병현 그림,잇츠북,2025년 09월,10,13500,15000.0,750,16605,리뷰 총점10.0 정보 더 보기/감추기 종이책 리뷰 (42건) eBook 리뷰 (0건) 종이책 한줄평 (2건) eBook 한줄평 (0건),,2025,9,10.0,42.0,0.0,2.0,0.0,44.0
662,154236071,만화,주술회전 30 일반판,아쿠타미 게게 글그림/이정운 역,서울미디어코믹스(서울문화사),2025년 08월,10,5400,6000.0,300,37368,리뷰 총점9.9 정보 더 보기/감추기 종이책 리뷰 (14건) eBook 리뷰 (0건) 종이책 한줄평 (37건) eBook 한줄평 (0건),,2025,8,9.9,14.0,0.0,37.0,0.0,51.0
663,153290720,도서,도련님,나쓰메 소세키 저/김경원 역,민음사,2025년 09월,10,11700,13000.0,650,8853,리뷰 총점10.0 정보 더 보기/감추기 종이책 리뷰 (0건) eBook 리뷰 (1건) 종이책 한줄평 (5건) eBook 한줄평 (0건),,2025,9,10.0,0.0,1.0,5.0,0.0,6.0
664,150118938,도서,독끝 NCS 통합기본서 (PSAT형+모듈형+피듈형) 공기업 대비,길잡이연구소 저,애드투,2026년 02월,10,26100,29000.0,1450,55539,리뷰 총점9.9 정보 더 보기/감추기 종이책 리뷰 (369건) eBook 리뷰 (4건) 종이책 한줄평 (39건) eBook 한줄평 (0건),,2026,2,9.9,369.0,4.0,39.0,0.0,412.0
665,149869906,도서,각성,김요한 저,떠오름,2025년 07월,10,16020,17800.0,890,87264,리뷰 총점9.7 정보 더 보기/감추기 종이책 리뷰 (65건) eBook 리뷰 (0건) 종이책 한줄평 (53건) eBook 한줄평 (19건),,2025,7,9.7,65.0,0.0,53.0,19.0,137.0
666,149267087,도서,위대한 기업에 투자하라,필립 피셔 저/박정태 역,굿모닝북스,2025년 07월,10,16200,18000.0,900,19107,리뷰 총점9.1 정보 더 보기/감추기 종이책 리뷰 (9건) eBook 리뷰 (0건) 종이책 한줄평 (8건) eBook 한줄평 (0건),,2025,7,9.1,9.0,0.0,8.0,0.0,17.0
667,148369373,도서,뇌가 멈추기 전에,이승훈 저,21세기북스,2025년 07월,10,17910,19900.0,990,89721,리뷰 총점9.7 정보 더 보기/감추기 종이책 리뷰 (51건) eBook 리뷰 (2건) 종이책 한줄평 (30건) eBook 한줄평 (6건),,2025,7,9.7,51.0,2.0,30.0,6.0,89.0
668,147651582,도서,2026 이기적 컴퓨터활용능력 2급 필기 기본서,"홍태성, 영진정보연구소 저",영진닷컴,2025년 07월,10,18900,21000.0,1050,35382,리뷰 총점9.8 정보 더 보기/감추기 종이책 리뷰 (36건) eBook 리뷰 (2건) 종이책 한줄평 (19건) eBook 한줄평 (0건),,2025,7,9.8,36.0,2.0,19.0,0.0,57.0
669,145962410,도서,여름을 부탁해,토마쓰리 글그림,길벗어린이,2025년 05월,10,13500,15000.0,750,11268,리뷰 총점9.8 정보 더 보기/감추기 종이책 리뷰 (15건) eBook 리뷰 (0건) 종이책 한줄평 (9건) eBook 한줄평 (0건),,2025,5,9.8,15.0,0.0,9.0,0.0,24.0
670,145629000,도서,청춘의 독서,유시민 저,웅진지식하우스,2025년 04월,10,17010,18900.0,940,184059,리뷰 총점9.3 정보 더 보기/감추기 종이책 리뷰 (245건) eBook 리뷰 (4건) 종이책 한줄평 (367건) eBook 한줄평 (39건),,2025,4,9.3,245.0,4.0,367.0,39.0,655.0
671,145099179,만화,주술회전 29 일반판,아쿠타미 게게 글그림/이정운 역,서울미디어코믹스(서울문화사),2025년 04월,10,5400,6000.0,300,34872,리뷰 총점9.6 정보 더 보기/감추기 종이책 리뷰 (13건) eBook 리뷰 (26건) 종이책 한줄평 (23건) eBook 한줄평 (49건),,2025,4,9.6,13.0,26.0,23.0,49.0,111.0
672,144021119,도서,단 한 번의 삶,김영하 저,복복서가,2025년 04월,10,15120,16800.0,840,148980,리뷰 총점9.1 정보 더 보기/감추기 종이책 리뷰 (184건) eBook 리뷰 (10건) 종이책 한줄평 (243건) eBook 한줄평 (25건),,2025,4,9.1,184.0,10.0,243.0,25.0,462.0
673,143655313,도서,내면소통 명상수업,김주환 저,인플루엔셜,2025년 03월,10,25200,28000.0,1400,23994,리뷰 총점9.7 정보 더 보기/감추기 종이책 리뷰 (30건) eBook 리뷰 (1건) 종이책 한줄평 (32건) eBook 한줄평 (5건),,2025,3,9.7,30.0,1.0,32.0,5.0,68.0
674,140831904,만화,주술회전 28 일반판,아쿠타미 게게 글그림/이정운 역,서울미디어코믹스(서울문화사),2024년 12월,10,5400,6000.0,300,31632,리뷰 총점9.8 정보 더 보기/감추기 종이책 리뷰 (18건) eBook 리뷰 (31건) 종이책 한줄평 (32건) eBook 한줄평 (47건),,2024,12,9.8,18.0,31.0,32.0,47.0,128.0
675,139800239,도서,해피버쓰데이,백희나 글그림,스토리보울,2024년 12월,10,15300,17000.0,850,22413,리뷰 총점9.8 정보 더 보기/감추기 종이책 리뷰 (52건) eBook 리뷰 (0건) 종이책 한줄평 (77건) eBook 한줄평 (0건),,2024,12,9.8,52.0,0.0,77.0,0.0,129.0
676,138742587,도서,국어 교과서 작품 읽기 : 고등 소설 (상),"서덕희, 최은영 공편",창비,2024년 12월,10,13500,15000.0,750,5640,리뷰 총점9.9 정보 더 보기/감추기 종이책 리뷰 (5건) eBook 리뷰 (0건) 종이책 한줄평 (10건) eBook 한줄평 (0건),,2024,12,9.9,5.0,0.0,10.0,0.0,15.0
677,138503348,도서,무의식은 어떻게 나를 설계하는가,데이비드 이글먼 저/김승욱 역,알에이치코리아(RHK),2024년 11월,10,22500,25000.0,1250,27825,리뷰 총점9.6 정보 더 보기/감추기 종이책 리뷰 (67건) eBook 리뷰 (2건) 종이책 한줄평 (74건) eBook 한줄평 (5건),,2024,11,9.6,67.0,2.0,74.0,5.0,148.0
678,137533786,도서,파리대왕,윌리엄 골딩 저/이덕형 역,문예출판사,2024년 11월,10,7200,8000.0,400,25653,리뷰 총점9.6 정보 더 보기/감추기 종이책 리뷰 (49건) eBook 리뷰 (0건) 종이책 한줄평 (33건) eBook 한줄평 (0건),,2024,11,9.6,49.0,0.0,33.0,0.0,82.0
679,133809259,도서,태도에 관하여 (20만 부 기념 완결판),임경선 저,토스트,2024년 09월,10,16200,18000.0,900,50172,리뷰 총점9.3 정보 더 보기/감추기 종이책 리뷰 (34건) eBook 리뷰 (1건) 종이책 한줄평 (38건) eBook 한줄평 (7건),,2024,9,9.3,34.0,1.0,38.0,7.0,80.0
680,132950900,도서,어린이 훈민정음 2-2,성정일 글,시서례,2024년 09월,10,7920,8800.0,440,17391,리뷰 총점9.8 정보 더 보기/감추기 종이책 리뷰 (16건) eBook 리뷰 (0건) 종이책 한줄평 (17건) eBook 한줄평 (0건),,2024,9,9.8,16.0,0.0,17.0,0.0,33.0
681,132819552,만화,주술회전 27 일반판,아쿠타미 게게 글그림/이정운 역,서울미디어코믹스(서울문화사),2024년 08월,10,5400,6000.0,300,27972,리뷰 총점9.6 정보 더 보기/감추기 종이책 리뷰 (24건) eBook 리뷰 (41건) 종이책 한줄평 (46건) eBook 한줄평 (64건),,2024,8,9.6,24.0,41.0,46.0,64.0,175.0
682,130500819,도서,이중 하나는 거짓말,김애란 저,문학동네,2024년 08월,10,14400,16000.0,800,40740,리뷰 총점9.3 정보 더 보기/감추기 종이책 리뷰 (186건) eBook 리뷰 (34건) 종이책 한줄평 (230건) eBook 한줄평 (60건),,2024,8,9.3,186.0,34.0,230.0,60.0,510.0
683,129099339,도서,백년목2 치료편,정선근 저,언탱글링,2024년 07월,10,19800,22000.0,1100,33162,리뷰 총점9.6 정보 더 보기/감추기 종이책 리뷰 (21건) eBook 리뷰 (0건) 종이책 한줄평 (30건) eBook 한줄평 (0건),,2024,7,9.6,21.0,0.0,30.0,0.0,51.0
684,128591149,도서,행동력 수업,오현호 저,스카이마인드,2024년 07월,10,17820,19800.0,990,27612,리뷰 총점9.5 정보 더 보기/감추기 종이책 리뷰 (35건) eBook 리뷰 (0건) 종이책 한줄평 (31건) eBook 한줄평 (0건),,2024,7,9.5,35.0,0.0,31.0,0.0,66.0
685,128133897,도서,죽이고 싶은 아이 2,이꽃님 저,우리학교,2024년 07월,10,12600,14000.0,700,60732,리뷰 총점9.7 정보 더 보기/감추기 종이책 리뷰 (88건) eBook 리뷰 (3건) 종이책 한줄평 (153건) eBook 한줄평 (8건),,2024,7,9.7,88.0,3.0,153.0,8.0,252.0
686,127050264,도서,부모의 어휘력,김종원 저,카시오페아,2024년 06월,10,17100,19000.0,950,34743,리뷰 총점9.6 정보 더 보기/감추기 종이책 리뷰 (83건) eBook 리뷰 (2건) 종이책 한줄평 (80건) eBook 한줄평 (2건),,2024,6,9.6,83.0,2.0,80.0,2.0,167.0
687,126982251,도서,얼음산 빙수 가게,정현진 글그림,올리,2024년 06월,10,15300,17000.0,850,7962,리뷰 총점10.0 정보 더 보기/감추기 종이책 리뷰 (75건) eBook 리뷰 (0건) 종이책 한줄평 (3건) eBook 한줄평 (0건),,2024,6,10.0,75.0,0.0,3.0,0.0,78.0
688,126953902,도서,달샤베트,백희나 글그림,스토리보울,2024년 06월,10,13500,15000.0,750,28392,리뷰 총점9.6 정보 더 보기/감추기 종이책 리뷰 (104건) eBook 리뷰 (0건) 종이책 한줄평 (11건) eBook 한줄평 (0건),,2024,6,9.6,104.0,0.0,11.0,0.0,115.0
689,125905365,도서,여행의 이유,김영하 저,복복서가,2024년 04월,10,15120,16800.0,840,30054,리뷰 총점9.1 정보 더 보기/감추기 종이책 리뷰 (536건) eBook 리뷰 (53건) 종이책 한줄평 (916건) eBook 한줄평 (112건),,2024,4,9.1,536.0,53.0,916.0,112.0,1617.0
690,125761518,도서,파과 (리커버),구병모 저,위즈덤하우스,2018년 04월,10,16020,17800.0,890,43926,리뷰 총점9.3 정보 더 보기/감추기 종이책 리뷰 (235건) eBook 리뷰 (98건) 종이책 한줄평 (295건) eBook 한줄평 (282건),,2018,4,9.3,235.0,98.0,295.0,282.0,910.0
691,125761510,도서,아가미 (리커버),구병모 저,위즈덤하우스,2018년 03월,10,13320,14800.0,740,23790,리뷰 총점9.5 정보 더 보기/감추기 종이책 리뷰 (146건) eBook 리뷰 (64건) 종이책 한줄평 (227건) eBook 한줄평 (150건),,2018,3,9.5,146.0,64.0,227.0,150.0,587.0
692,124157029,도서,좋은 기분,박정수(녹싸) 저,북스톤,2024년 01월,10,15300,17000.0,850,16038,리뷰 총점9.6 정보 더 보기/감추기 종이책 리뷰 (7건) eBook 리뷰 (0건) 종이책 한줄평 (6건) eBook 한줄평 (1건),,2024,1,9.6,7.0,0.0,6.0,1.0,14.0
693,124112599,도서,처음부터 시작하는 주식투자 단타전략,홍인기 저,길벗,2023년 12월,10,18900,21000.0,1050,40572,리뷰 총점8.4 정보 더 보기/감추기 종이책 리뷰 (110건) eBook 리뷰 (14건) 종이책 한줄평 (165건) eBook 한줄평 (52건),,2023,12,8.4,110.0,14.0,165.0,52.0,341.0
694,122850835,도서,"열려라, 돈나무!",정은정 글/윤진현 그림,봄개울,2023년 10월,10,11700,13000.0,650,5367,리뷰 총점10.0 정보 더 보기/감추기 종이책 리뷰 (3건) eBook 리뷰 (0건) 종이책 한줄평 (3건) eBook 한줄평 (0건),,2023,10,10.0,3.0,0.0,3.0,0.0,6.0
695,122120495,도서,마흔에 읽는 쇼펜하우어,강용수 저,유노북스,2023년 09월,10,15300,17000.0,850,77718,리뷰 총점8.8 정보 더 보기/감추기 종이책 리뷰 (335건) eBook 리뷰 (16건) 종이책 한줄평 (452건) eBook 한줄평 (57건),,2023,9,8.8,335.0,16.0,452.0,57.0,860.0
696,119886818,도서,창조적 행위,릭 루빈 저/정지현 역,코쿤북스,2023년 07월,10,17820,19800.0,990,19266,리뷰 총점9.4 정보 더 보기/감추기 종이책 리뷰 (20건) eBook 리뷰 (3건) 종이책 한줄평 (33건) eBook 한줄평 (6건),,2023,7,9.4,20.0,3.0,33.0,6.0,62.0
697,118468472,도서,아주 위험한 과학책,랜들 먼로 저/이강환 역,시공사,2023년 04월,10,20700,23000.0,1150,10356,리뷰 총점9.9 정보 더 보기/감추기 종이책 리뷰 (74건) eBook 리뷰 (0건) 종이책 한줄평 (72건) eBook 한줄평 (0건),,2023,4,9.9,74.0,0.0,72.0,0.0,146.0
698,117643865,도서,[예스리커버] 내면소통,김주환 저,인플루엔셜,2023년 02월,10,29700,33000.0,1650,46356,리뷰 총점9.6 정보 더 보기/감추기 종이책 리뷰 (137건) eBook 리뷰 (18건) 종이책 한줄평 (254건) eBook 한줄평 (23건),,2023,2,9.6,137.0,18.0,254.0,23.0,432.0
699,116585627,도서,경제학 콘서트 1,팀 하포드 저/김명철 역,웅진지식하우스,2022년 12월,10,17100,19000.0,950,14130,리뷰 총점9.3 정보 더 보기/감추기 종이책 리뷰 (28건) eBook 리뷰 (2건) 종이책 한줄평 (14건) eBook 한줄평 (5건),,2022,12,9.3,28.0,2.0,14.0,5.0,49.0
700,116577834,도서,영어회화 핵심패턴 233,백선엽 저,길벗이지톡,2023년 01월,10,16200,18000.0,900,27168,리뷰 총점9.4 정보 더 보기/감추기 종이책 리뷰 (69건) eBook 리뷰 (10건) 종이책 한줄평 (64건) eBook 한줄평 (19건),,2023,1,9.4,69.0,10.0,64.0,19.0,162.0
701,111680193,도서,파친코 2,이민진 저/신승미 역,인플루엔셜,2022년 08월,10,14220,15800.0,790,23172,리뷰 총점9.6 정보 더 보기/감추기 종이책 리뷰 (139건) eBook 리뷰 (28건) 종이책 한줄평 (178건) eBook 한줄평 (71건),,2022,8,9.6,139.0,28.0,178.0,71.0,416.0
702,109785026,도서,새의 선물,은희경 저,문학동네,2022년 06월,10,14400,16000.0,800,21795,리뷰 총점9.8 정보 더 보기/감추기 종이책 리뷰 (47건) eBook 리뷰 (16건) 종이책 한줄평 (59건) eBook 한줄평 (26건),,2022,6,9.8,47.0,16.0,59.0,26.0,148.0
703,107689472,도서,애니캔,은경 글/유시연 그림,별숲,2022년 03월,10,10800,12000.0,600,7533,리뷰 총점9.7 정보 더 보기/감추기 종이책 리뷰 (30건) eBook 리뷰 (0건) 종이책 한줄평 (19건) eBook 한줄평 (4건),,2022,3,9.7,30.0,0.0,19.0,4.0,53.0
704,107512992,만화,주술회전 18 일반판,아쿠타미 게게 글그림/이정운 역,서울미디어코믹스(서울문화사),2022년 02월,10,5400,6000.0,300,19824,리뷰 총점9.8 정보 더 보기/감추기 종이책 리뷰 (67건) eBook 리뷰 (82건) 종이책 한줄평 (138건) eBook 한줄평 (160건),,2022,2,9.8,67.0,82.0,138.0,160.0,447.0
705,106478680,도서,감정에 이름을 붙여 봐,이라일라 글/박현주 그림,파스텔하우스,2022년 01월,10,12600,14000.0,700,22857,리뷰 총점9.9 정보 더 보기/감추기 종이책 리뷰 (96건) eBook 리뷰 (0건) 종이책 한줄평 (79건) eBook 한줄평 (0건),,2022,1,9.9,96.0,0.0,79.0,0.0,175.0
706,105031390,만화,주술회전 17 일반판,아쿠타미 게게 글그림/이정운 역,서울미디어코믹스(서울문화사),2021년 11월,10,5400,6000.0,300,20358,리뷰 총점9.9 정보 더 보기/감추기 종이책 리뷰 (68건) eBook 리뷰 (89건) 종이책 한줄평 (175건) eBook 한줄평 (182건),,2021,11,9.9,68.0,89.0,175.0,182.0,514.0
707,103542316,도서,초판본 인간 실격,다자이 오사무 저/김소영 역,더스토리,2021년 09월,10,2700,2990.0,20,29229,리뷰 총점9.9 정보 더 보기/감추기 종이책 리뷰 (24건) eBook 리뷰 (0건) 종이책 한줄평 (35건) eBook 한줄평 (0건),,2021,9,9.9,24.0,0.0,35.0,0.0,59.0
708,102815649,도서,4~7세 보다 중요한 시기는 없습니다 (15만 부 기념 에디션),이임숙 저,카시오페아,2021년 08월,10,17100,19000.0,950,24258,리뷰 총점9.6 정보 더 보기/감추기 종이책 리뷰 (114건) eBook 리뷰 (5건) 종이책 한줄평 (121건) eBook 한줄평 (30건),,2021,8,9.6,114.0,5.0,121.0,30.0,270.0
709,102360767,도서,편집광만이 살아남는다,앤드루 S. 그로브 저/유정식 역,부키,2021년 06월,10,16200,18000.0,900,10545,리뷰 총점9.6 정보 더 보기/감추기 종이책 리뷰 (15건) eBook 리뷰 (0건) 종이책 한줄평 (8건) eBook 한줄평 (2건),,2021,6,9.6,15.0,0.0,8.0,2.0,25.0
710,93522583,도서,어떻게 말해줘야 할까,오은영 저/차상미 그림,김영사,2020년 10월,10,17820,19800.0,990,25260,리뷰 총점9.7 정보 더 보기/감추기 종이책 리뷰 (270건) eBook 리뷰 (10건) 종이책 한줄평 (514건) eBook 한줄평 (77건),,2020,10,9.7,270.0,10.0,514.0,77.0,871.0
711,91901136,도서,살인자의 기억법,김영하 저,복복서가,2020년 08월,10,10800,12000.0,600,20340,리뷰 총점9.5 정보 더 보기/감추기 종이책 리뷰 (50건) eBook 리뷰 (22건) 종이책 한줄평 (74건) eBook 한줄평 (48건),,2020,8,9.5,50.0,22.0,74.0,48.0,194.0
712,91879013,도서,풀잎 국수,백유연 글그림,웅진주니어,2020년 08월,10,11700,13000.0,650,12903,리뷰 총점9.9 정보 더 보기/감추기 종이책 리뷰 (31건) eBook 리뷰 (0건) 종이책 한줄평 (13건) eBook 한줄평 (0건),,2020,8,9.9,31.0,0.0,13.0,0.0,44.0
713,90977017,도서,희망,양귀자 저,쓰다,2020년 06월,10,17820,19800.0,990,30132,리뷰 총점9.9 정보 더 보기/감추기 종이책 리뷰 (57건) eBook 리뷰 (0건) 종이책 한줄평 (90건) eBook 한줄평 (0건),,2020,6,9.9,57.0,0.0,90.0,0.0,147.0
714,81513355,도서,해커스 토익 왕기초 RC Reading (리딩),David Cho 저,해커스어학연구소,2024년 09월,10,12510,13900.0,690,26406,리뷰 총점9.6 정보 더 보기/감추기 종이책 리뷰 (25건) eBook 리뷰 (0건) 종이책 한줄평 (48건) eBook 한줄평 (1건),,2024,9,9.6,25.0,0.0,48.0,1.0,74.0
715,80739168,도서,지금 이대로 좋다,법륜 저/박정은 그림,정토출판,2019년 10월,10,13320,14800.0,740,31437,리뷰 총점9.6 정보 더 보기/감추기 종이책 리뷰 (102건) eBook 리뷰 (1건) 종이책 한줄평 (242건) eBook 한줄평 (9건),,2019,10,9.6,102.0,1.0,242.0,9.0,354.0
716,74218991,도서,해석이 쉬워지는 해커스 구문독해 100,해커스 어학연구소 저,해커스어학연구소,2023년 12월,10,15210,16900.0,840,23220,리뷰 총점9.6 정보 더 보기/감추기 종이책 리뷰 (71건) eBook 리뷰 (3건) 종이책 한줄평 (121건) eBook 한줄평 (5건),,2023,12,9.6,71.0,3.0,121.0,5.0,200.0
717,74215704,도서,대단한 참외씨,임수정 저/전미화 그림,한울림어린이,2019년 06월,10,15300,17000.0,850,12099,리뷰 총점9.8 정보 더 보기/감추기 종이책 리뷰 (13건) eBook 리뷰 (0건) 종이책 한줄평 (6건) eBook 한줄평 (0건),,2019,6,9.8,13.0,0.0,6.0,0.0,19.0
718,72251785,도서,아웃라이어 (10주년 리커버 에디션),말콤 글래드웰 저/노정태 역/최인철 감수,김영사,2019년 04월,10,14220,15800.0,790,12267,리뷰 총점9.0 정보 더 보기/감추기 종이책 리뷰 (30건) eBook 리뷰 (3건) 종이책 한줄평 (47건) eBook 한줄평 (8건),,2019,4,9.0,30.0,3.0,47.0,8.0,88.0
719,67114707,도서,스크루테이프의 편지,C. S. 루이스 저/김선형 역,홍성사,2018년 11월,10,11700,13000.0,650,33927,리뷰 총점9.5 정보 더 보기/감추기 종이책 리뷰 (43건) eBook 리뷰 (7건) 종이책 한줄평 (62건) eBook 한줄평 (10건),,2018,11,9.5,43.0,7.0,62.0,10.0,122.0
720,66888909,도서,순재와 키완,오하림 글/애슝 그림,문학동네,2018년 11월,10,11700,13000.0,650,19410,리뷰 총점9.5 정보 더 보기/감추기 종이책 리뷰 (22건) eBook 리뷰 (0건) 종이책 한줄평 (31건) eBook 한줄평 (2건),,2018,11,9.5,22.0,0.0,31.0,2.0,55.0
721,61957424,도서,여름 낚시,김지안 글그림,재능교육,2018년 06월,10,9000,10000.0,500,7386,리뷰 총점9.7 정보 더 보기/감추기 종이책 리뷰 (25건) eBook 리뷰 (0건) 종이책 한줄평 (15건) eBook 한줄평 (0건),,2018,6,9.7,25.0,0.0,15.0,0.0,40.0
722,61941283,도서,투자를 어떻게 할 것인가,모니시 파브라이 저/김인정 역,이레미디어,2018년 07월,10,16200,18000.0,900,4209,리뷰 총점9.0 정보 더 보기/감추기 종이책 리뷰 (59건) eBook 리뷰 (6건) 종이책 한줄평 (61건) eBook 한줄평 (19건),,2018,7,9.0,59.0,6.0,61.0,19.0,145.0
723,58676654,도서,해커스 아이엘츠 스피킹 베이직 (Hackers IELTS Speaking Basic),해커스 어학연구소 저,해커스어학연구소,2024년 06월,10,20610,22900.0,1140,26394,리뷰 총점9.9 정보 더 보기/감추기 종이책 리뷰 (7건) eBook 리뷰 (0건) 종이책 한줄평 (20건) eBook 한줄평 (0건),,2024,6,9.9,7.0,0.0,20.0,0.0,27.0
724,57748275,도서,해커스 아이엘츠 리스닝 베이직(Hackers IELTS Listening Basic),해커스 어학연구소 저,해커스어학연구소,2024년 06월,10,18810,20900.0,1040,26817,리뷰 총점9.8 정보 더 보기/감추기 종이책 리뷰 (9건) eBook 리뷰 (0건) 종이책 한줄평 (9건) eBook 한줄평 (0건),,2024,6,9.8,9.0,0.0,9.0,0.0,18.0
725,57629476,도서,해커스 아이엘츠 라이팅 베이직 (Hackers IELTS Writing Basic),해커스 어학연구소 저,해커스어학연구소,2024년 02월,10,20610,22900.0,1140,26502,리뷰 총점9.8 정보 더 보기/감추기 종이책 리뷰 (10건) eBook 리뷰 (0건) 종이책 한줄평 (15건) eBook 한줄평 (0건),,2024,2,9.8,10.0,0.0,15.0,0.0,25.0
726,57629345,도서,해커스 아이엘츠 리딩 베이직 (Hackers IELTS Reading Basic),해커스 어학연구소 저,해커스어학연구소,2024년 01월,10,18810,20900.0,1040,28008,리뷰 총점9.7 정보 더 보기/감추기 종이책 리뷰 (10건) eBook 리뷰 (1건) 종이책 한줄평 (12건) eBook 한줄평 (0건),,2024,1,9.7,10.0,1.0,12.0,0.0,23.0
727,57468926,도서,삐뽀삐뽀 119 이유식,하정훈 저,유니책방,2017년 12월,10,17010,18900.0,940,80334,리뷰 총점9.7 정보 더 보기/감추기 종이책 리뷰 (85건) eBook 리뷰 (0건) 종이책 한줄평 (108건) eBook 한줄평 (0건),,2017,12,9.7,85.0,0.0,108.0,0.0,193.0
728,54233937,도서,신경 끄기의 기술,마크 맨슨 저/한재호 역,갤리온,2017년 10월,10,16020,17800.0,890,13059,리뷰 총점8.8 정보 더 보기/감추기 종이책 리뷰 (248건) eBook 리뷰 (0건) 종이책 한줄평 (786건) eBook 한줄평 (0건),,2017,10,8.8,248.0,0.0,786.0,0.0,1034.0
729,30435587,도서,여름은 오래 그곳에 남아,마쓰이에 마사시 저,비채,2016년 08월,10,16920,18800.0,940,19443,리뷰 총점9.2 정보 더 보기/감추기 종이책 리뷰 (127건) eBook 리뷰 (17건) 종이책 한줄평 (167건) eBook 한줄평 (32건),,2016,8,9.2,127.0,17.0,167.0,32.0,343.0
730,29297832,도서,청소년을 위한 코스모스,"에마뉘엘 보두엥, 카트린 에벙 보두엥 저/홍은주 역/임태훈 감수",생각의길,2016년 07월,10,13500,15000.0,750,16086,리뷰 총점8.9 정보 더 보기/감추기 종이책 리뷰 (13건) eBook 리뷰 (0건) 종이책 한줄평 (41건) eBook 한줄평 (0건),,2016,7,8.9,13.0,0.0,41.0,0.0,54.0
731,22741331,도서,재미있다! 한국사 4,구완회 글,창비,2015년 10월,10,11700,13000.0,650,6828,리뷰 총점9.6 정보 더 보기/감추기 종이책 리뷰 (2건) eBook 리뷰 (0건) 종이책 한줄평 (8건) eBook 한줄평 (0건),,2015,10,9.6,2.0,0.0,8.0,0.0,10.0
732,16384156,도서,이토록 공부가 재미있어지는 순간,박성혁 저,다산북스,2023년 08월,10,16200,18000.0,900,67503,"리뷰 총점9.6 정보 더 보기/감추기 종이책 리뷰 (449건) eBook 리뷰 (6건) 종이책 한줄평 (1,190건) eBook 한줄평 (23건)",,2023,8,9.6,449.0,6.0,1190.0,23.0,1668.0
733,8708499,도서,지킬 박사와 하이드 씨,로버트 루이스 스티븐슨 저,비룡소,2013년 03월,10,13500,15000.0,750,13134,리뷰 총점9.4 정보 더 보기/감추기 종이책 리뷰 (29건) eBook 리뷰 (0건) 종이책 한줄평 (17건) eBook 한줄평 (0건),,2013,3,9.4,29.0,0.0,17.0,0.0,46.0
734,8451378,도서,지엠오 아이,문선이 글/유준재 그림,창비,2013년 02월,10,12420,13800.0,690,4932,리뷰 총점8.9 정보 더 보기/감추기 종이책 리뷰 (4건) eBook 리뷰 (0건) 종이책 한줄평 (12건) eBook 한줄평 (0건),,2013,2,8.9,4.0,0.0,12.0,0.0,16.0
735,6713010,도서,죄와 벌 2,표도르 도스토예프스키 저/김연경 역,민음사,2012년 03월,10,9900,11000.0,550,36486,리뷰 총점9.7 정보 더 보기/감추기 종이책 리뷰 (69건) eBook 리뷰 (3건) 종이책 한줄평 (100건) eBook 한줄평 (8건),,2012,3,9.7,69.0,3.0,100.0,8.0,180.0
736,5169850,도서,빨강 연필,신수현 글/김성희 그림,비룡소,2011년 05월,10,13500,15000.0,750,22812,리뷰 총점9.6 정보 더 보기/감추기 종이책 리뷰 (104건) eBook 리뷰 (0건) 종이책 한줄평 (94건) eBook 한줄평 (0건),,2011,5,9.6,104.0,0.0,94.0,0.0,198.0
737,4701388,도서,7년의 밤,정유정 저,은행나무,2011년 03월,10,16650,18500.0,920,15846,리뷰 총점9.2 정보 더 보기/감추기 종이책 리뷰 (502건) eBook 리뷰 (0건) 종이책 한줄평 (478건) eBook 한줄평 (15건),,2011,3,9.2,502.0,0.0,478.0,15.0,995.0
738,3428856,도서,100층짜리 집,이와이 도시오 저/김숙 역,북뱅크,2009년 06월,10,8550,9500.0,470,40545,리뷰 총점9.6 정보 더 보기/감추기 종이책 리뷰 (279건) eBook 리뷰 (0건) 종이책 한줄평 (303건) eBook 한줄평 (0건),,2009,6,9.6,279.0,0.0,303.0,0.0,582.0
739,2312641,만화,DEATH NOTE 데스 노트 13 (DEATH NOTE HOW TO READ),오바 츠구미 글/오바타 타케시 그림,대원,2006년 12월,10,9000,10000.0,500,30852,리뷰 총점9.9 정보 더 보기/감추기 종이책 리뷰 (68건) eBook 리뷰 (0건) 종이책 한줄평 (262건) eBook 한줄평 (0건),,2006,12,9.9,68.0,0.0,262.0,0.0,330.0
740,1943891,도서,자기만의 방·3기니,버지니아 울프 저/이미애 역,민음사,2006년 01월,10,12600,14000.0,700,9684,리뷰 총점9.4 정보 더 보기/감추기 종이책 리뷰 (57건) eBook 리뷰 (8건) 종이책 한줄평 (71건) eBook 한줄평 (19건),,2006,1,9.4,57.0,8.0,71.0,19.0,155.0
741,1442160,도서,은하수를 여행하는 히치하이커를 위한 안내서 1,더글러스 애덤스 저/김선형 역,책세상,2004년 12월,10,12600,14000.0,700,35055,리뷰 총점8.9 정보 더 보기/감추기 종이책 리뷰 (47건) eBook 리뷰 (38건) 종이책 한줄평 (18건) eBook 한줄평 (78건),,2004,12,8.9,47.0,38.0,18.0,78.0,181.0
742,252513,도서,설국,가와바타 야스나리 저,민음사,2002년 01월,10,7200,8000.0,400,40380,리뷰 총점8.8 정보 더 보기/감추기 종이책 리뷰 (251건) eBook 리뷰 (29건) 종이책 한줄평 (268건) eBook 한줄평 (68건),,2002,1,8.8,251.0,29.0,268.0,68.0,616.0
743,221158,도서,수레바퀴 아래서,헤르만 헤세 저/김이섭 역,민음사,2001년 08월,10,7200,8000.0,400,30918,리뷰 총점9.3 정보 더 보기/감추기 종이책 리뷰 (179건) eBook 리뷰 (16건) 종이책 한줄평 (130건) eBook 한줄평 (32건),,2001,8,9.3,179.0,16.0,130.0,32.0,357.0
744,192298884,도서,악마는 열심히 산다,김화진 저,민음사,2026년 06월,10,13500,15000.0,750,2820,,,2026,6,,0.0,0.0,0.0,0.0,0.0
745,192172360,도서,끝까지 잘 버티는 법,홍민기 저,규장,2026년 06월,10,13500,15000.0,750,900,,,2026,6,,0.0,0.0,0.0,0.0,0.0
746,192115819,도서,바다가 들리는 편의점 5,마치다 소노코 저/황국영 역,모모,2026년 06월,10,15120,16800.0,840,3582,리뷰 총점10.0 정보 더 보기/감추기 종이책 리뷰 (3건) eBook 리뷰 (0건) 종이책 한줄평 (0건) eBook 한줄평 (0건),,2026,6,10.0,3.0,0.0,0.0,0.0,3.0
747,191889474,도서,책갈피와 거짓말의 계절,요네자와 호노부 저/김선영 역,엘릭시르,2026년 06월,10,19800,22000.0,1100,4434,리뷰 총점10.0 정보 더 보기/감추기 종이책 리뷰 (1건) eBook 리뷰 (0건) 종이책 한줄평 (0건) eBook 한줄평 (0건),,2026,6,10.0,1.0,0.0,0.0,0.0,1.0
748,191532487,도서,나는 나다운 공간에서 살고 싶다,오승욱 저,다산초당,2026년 06월,10,19800,22000.0,1100,2997,리뷰 총점10.0 정보 더 보기/감추기 종이책 리뷰 (6건) eBook 리뷰 (0건) 종이책 한줄평 (1건) eBook 한줄평 (0건),,2026,6,10.0,6.0,0.0,1.0,0.0,7.0
749,190847302,도서,이렇게 쉬운 오페라는 처음이지?,"하얀콩, 백재은 저",더퀘스트,2026년 06월,10,19800,22000.0,1100,2052,리뷰 총점9.9 정보 더 보기/감추기 종이책 리뷰 (14건) eBook 리뷰 (0건) 종이책 한줄평 (0건) eBook 한줄평 (0건),,2026,6,9.9,14.0,0.0,0.0,0.0,14.0
750,192565403,도서,가를 두고,백가흠 저,문학과지성사,2026년 06월,10,15300,17000.0,850,420,,,2026,6,,0.0,0.0,0.0,0.0,0.0
751,192560726,만화,"新 울어라, 펜 10",시마모토 카즈히코 글그림,미우(대원),2026년 06월,10,9000,10000.0,500,360,,,2026,6,,0.0,0.0,0.0,0.0,0.0
752,192558800,도서,조직은 어떻게 강해지는가,허영호 저,클라우드나인,2026년 06월,10,18000,20000.0,1000,1590,,,2026,6,,0.0,0.0,0.0,0.0,0.0
753,192540910,도서,그래도 달리기는 해야지,임해순 저,키효북스,2026년 06월,10,13500,15000.0,750,750,리뷰 총점10.0 정보 더 보기/감추기 종이책 리뷰 (0건) eBook 리뷰 (0건) 종이책 한줄평 (2건) eBook 한줄평 (0건),,2026,6,10.0,0.0,0.0,2.0,0.0,2.0
754,192529089,도서,리더의 AI 노트,김지현 저,한빛미디어,2026년 06월,5,22800,24000.0,1200,360,,,2026,6,,0.0,0.0,0.0,0.0,0.0
755,192474528,도서,오피스 히어로 vs 오피스 빌런,길군 저,밥북,2026년 07월,10,16200,18000.0,900,720,,,2026,7,,0.0,0.0,0.0,0.0,0.0
756,192468973,도서,네이티브 영어어휘력 사전,이창수 저,다락원,2026년 07월,10,22500,25000.0,1250,900,리뷰 총점10.0 정보 더 보기/감추기 종이책 리뷰 (1건) eBook 리뷰 (0건) 종이책 한줄평 (0건) eBook 한줄평 (0건),,2026,7,10.0,1.0,0.0,0.0,0.0,1.0
757,192465221,도서,2027 나합격 전기기사 필기+무료특강+온라인CBT문제풀이,임규명 저,삼원북스,2026년 08월,10,40500,45000.0,450,660,리뷰 총점2.0 정보 더 보기/감추기 종이책 리뷰 (0건) eBook 리뷰 (0건) 종이책 한줄평 (1건) eBook 한줄평 (0건),,2026,8,2.0,0.0,0.0,1.0,0.0,1.0
758,192368068,도서,2026 스티마 면접 교육행정직(통합편 - 서울·경기·인천 제외),스티마 편저,(주)박영사,2026년 06월,0,29000,29000.0,870,1260,,,2026,6,,0.0,0.0,0.0,0.0,0.0
759,192284892,도서,리피디의 펜 한 자루로 끝내는 뻔뻔한 드로잉,리피디 저,성안당,2026년 06월,10,20700,23000.0,1150,3810,,,2026,6,,0.0,0.0,0.0,0.0,0.0
760,192283145,도서,2026 스티마 면접 교육행정직 (서울·경기·인천편),스티마 편저,(주)박영사,2026년 06월,0,28000,28000.0,840,1140,,,2026,6,,0.0,0.0,0.0,0.0,0.0
761,192178905,도서,요주의 인물,황지영 글/불키드 그림,특서주니어(특별한서재),2026년 06월,10,13050,14500.0,720,630,리뷰 총점10.0 정보 더 보기/감추기 종이책 리뷰 (1건) eBook 리뷰 (0건) 종이책 한줄평 (0건) eBook 한줄평 (0건),,2026,6,10.0,1.0,0.0,0.0,0.0,1.0
762,192155311,도서,소원이 이루어지는 작은 호텔,안자나 길 저/강영옥 역,비즈니스북스,2026년 06월,10,16650,18500.0,920,900,,,2026,6,,0.0,0.0,0.0,0.0,0.0
763,192141656,만화,담배 고양이 4,냥냥 팩토리 글그림,대원,2026년 06월,10,5400,6000.0,300,1020,,,2026,6,,0.0,0.0,0.0,0.0,0.0
764,192130802,도서,2026 스티마 면접 서울시,스티마 편저,(주)박영사,2026년 06월,0,30000,30000.0,900,1380,,,2026,6,,0.0,0.0,0.0,0.0,0.0
765,192089662,도서,놀이의 관계 1,아오이 세키나 저/미사키 쿠레히토 그림/변성은 역,소미미디어,2026년 06월,10,7650,8500.0,420,2190,,,2026,6,,0.0,0.0,0.0,0.0,0.0
766,192043531,도서,국민을 부자로 만드는 나라,이광재 저/조경호 편,메디치미디어,2026년 06월,10,18000,20000.0,1000,1482,,,2026,6,,0.0,0.0,0.0,0.0,0.0
767,191943046,도서,뚜식이 10,뚜식이 원저/샌드박스 네트워크 감수,서울문화사,2026년 06월,10,12600,14000.0,700,1050,,,2026,6,,0.0,0.0,0.0,0.0,0.0
768,191889311,도서,"취사병 전설이 되다 1, 2 세트",최룡 저,북로그컴퍼니,2026년 07월,5,47500,50000.0,500,17568,,,2026,7,,0.0,0.0,0.0,0.0,0.0
769,191531538,도서,전생했더니 슬라임이었던 건에 대하여 23,후세 저/밋츠바 그림/이소정 역,소미미디어,2026년 06월,10,12600,14000.0,700,4458,리뷰 총점10.0 정보 더 보기/감추기 종이책 리뷰 (0건) eBook 리뷰 (0건) 종이책 한줄평 (1건) eBook 한줄평 (0건),,2026,6,10.0,0.0,0.0,1.0,0.0,1.0
770,191507359,도서,AI 에이전트 실행 세계 2 : 설계편,조쉬 저,로드북,2026년 06월,10,31500,35000.0,1750,1698,,,2026,6,,0.0,0.0,0.0,0.0,0.0
771,191486580,도서,언더야드 레시피,서정경 저,진풍경,2026년 06월,10,22500,25000.0,1250,7164,리뷰 총점9.2 정보 더 보기/감추기 종이책 리뷰 (2건) eBook 리뷰 (0건) 종이책 한줄평 (3건) eBook 한줄평 (0건),,2026,6,9.2,2.0,0.0,3.0,0.0,5.0
772,191482168,도서,흔들리지 않는 투자자,최락현 저,부크온,2026년 06월,10,19800,22000.0,1100,9339,리뷰 총점10.0 정보 더 보기/감추기 종이책 리뷰 (1건) eBook 리뷰 (0건) 종이책 한줄평 (1건) eBook 한줄평 (1건),,2026,6,10.0,1.0,0.0,1.0,1.0,3.0
773,191322665,도서,다가올 시간에 윙크 윙크 (시절 시집 에디션),"고선경, 권누리, 김보나, 김복희, 김상혁 저 외 15명 정보 더 보기/감추기 고선경 권누리 김보나 김복희 김상혁 김선오 김은지 남현지 마윤지 성동혁 신이인 심보선 안희연 유선혜 윤은성 이기리 이제니 임유영 주민현 황유원",창비교육,2026년 06월,10,11700,13000.0,650,1773,,,2026,6,,0.0,0.0,0.0,0.0,0.0
774,191199003,만화,악마에 입문했습니다! 이루마 군 if Episode of 마피아(魔fia) 7,니시 오사무 글그림/이승원 역,서울미디어코믹스(서울문화사),2026년 06월,10,5850,6500.0,320,7065,리뷰 총점10.0 정보 더 보기/감추기 종이책 리뷰 (0건) eBook 리뷰 (0건) 종이책 한줄평 (2건) eBook 한줄평 (0건),,2026,6,10.0,0.0,0.0,2.0,0.0,2.0
775,190974234,도서,정원 이야기,"알베르 까뮈, 캐서린 맨스필드, 버지니아 울프, 라이너 마리아 릴케, 토마스 하디 저 외 15명 정보 더 보기/감추기 알베르 까뮈 캐서린 맨스필드 버지니아 울프 라이너 마리아 릴케 토마스 하디 아쿠타가와 류노스케 카렐 차페크 사키 마르셀 프루스트 나쓰메 소세키 D. H. 로렌스 콜레트 오 헨리 새뮤얼 테일러 콜리지 헤르만 헤세 에밀리 디킨슨 이재경 박경리 이은미 양은경",유선사,2026년 06월,10,15300,17000.0,850,7890,,,2026,6,,0.0,0.0,0.0,0.0,0.0
776,190898847,도서,2026 김건호 헌법 최신 1년 단원별 기출문제집,김건호 편저,(주)박영사,2026년 06월,0,29000,29000.0,870,4926,리뷰 총점10.0 정보 더 보기/감추기 종이책 리뷰 (1건) eBook 리뷰 (0건) 종이책 한줄평 (1건) eBook 한줄평 (0건),,2026,6,10.0,1.0,0.0,1.0,0.0,2.0
777,190237443,만화,킹덤 (KINGDOM) 77,하라 야스히사 글그림,대원,2026년 05월,10,5400,6000.0,300,18210,리뷰 총점10.0 정보 더 보기/감추기 종이책 리뷰 (3건) eBook 리뷰 (1건) 종이책 한줄평 (11건) eBook 한줄평 (1건),,2026,5,10.0,3.0,1.0,11.0,1.0,16.0
778,190219404,도서,이웃집의 탐스러움,정기현 저,북다,2026년 05월,10,13320,14800.0,740,1236,리뷰 총점9.6 정보 더 보기/감추기 종이책 리뷰 (19건) eBook 리뷰 (0건) 종이책 한줄평 (0건) eBook 한줄평 (0건),,2026,5,9.6,19.0,0.0,0.0,0.0,19.0
779,190213284,도서,똑똑하게 소리 내어 읽는 문해력 3. 비문학,이다희 저/조성호 그림,서사원주니어,2026년 06월,10,9900,11000.0,550,2856,리뷰 총점10.0 정보 더 보기/감추기 종이책 리뷰 (1건) eBook 리뷰 (0건) 종이책 한줄평 (0건) eBook 한줄평 (0건),,2026,6,10.0,1.0,0.0,0.0,0.0,1.0
780,190209760,도서,어쩔뚱땡! 고구마머리TV 12 : 고산 지대 히말라야 탈출 작전!,고구마머리TV 원저/서동건 글/김기수 그림,아울북,2026년 05월,10,15210,16900.0,840,10854,리뷰 총점10.0 정보 더 보기/감추기 종이책 리뷰 (17건) eBook 리뷰 (0건) 종이책 한줄평 (1건) eBook 한줄평 (0건),,2026,5,10.0,17.0,0.0,1.0,0.0,18.0
781,189857604,도서,말투만 바꿨을 뿐인데,김민성 저,모티브,2026년 06월,10,17820,19800.0,990,9159,리뷰 총점9.9 정보 더 보기/감추기 종이책 리뷰 (128건) eBook 리뷰 (1건) 종이책 한줄평 (2건) eBook 한줄평 (0건),,2026,6,9.9,128.0,1.0,2.0,0.0,131.0
782,189827395,도서,2027 이기적 AI-POT AI 프롬프트활용능력 1급 기본서,김영진 저,영진닷컴,2026년 06월,10,27000,30000.0,1500,4404,리뷰 총점10.0 정보 더 보기/감추기 종이책 리뷰 (1건) eBook 리뷰 (0건) 종이책 한줄평 (0건) eBook 한줄평 (0건),,2026,6,10.0,1.0,0.0,0.0,0.0,1.0
783,189751441,도서,슈뻘맨의 숨은 국어 찾기 3,"슈뻘맨 원저/권나혜 글/류수형 그림/윤신원, 샌드박스 네트워크 감수",미래엔아이세움,2026년 05월,10,15120,16800.0,840,9711,리뷰 총점10.0 정보 더 보기/감추기 종이책 리뷰 (22건) eBook 리뷰 (0건) 종이책 한줄평 (2건) eBook 한줄평 (0건),,2026,5,10.0,22.0,0.0,2.0,0.0,24.0
784,189684303,도서,믿음이 넘어진 자리,원유경 저,규장,2026년 05월,10,22500,25000.0,1250,17046,리뷰 총점9.9 정보 더 보기/감추기 종이책 리뷰 (9건) eBook 리뷰 (0건) 종이책 한줄평 (49건) eBook 한줄평 (0건),,2026,5,9.9,9.0,0.0,49.0,0.0,58.0
785,189683811,도서,나는 고양이로소이다,나쓰메 소세키 저/김난주 역,열린책들,2026년 05월,10,15120,16800.0,840,11076,리뷰 총점9.7 정보 더 보기/감추기 종이책 리뷰 (33건) eBook 리뷰 (0건) 종이책 한줄평 (2건) eBook 한줄평 (0건),,2026,5,9.7,33.0,0.0,2.0,0.0,35.0
786,189658778,만화,봇치·더·록! 외전 히로이 키쿠리의 과음일기 5,하마지 아키 원저/쿠미쵸 글그림,대원,2026년 05월,10,8100,9000.0,450,23295,리뷰 총점10.0 정보 더 보기/감추기 종이책 리뷰 (5건) eBook 리뷰 (0건) 종이책 한줄평 (9건) eBook 한줄평 (0건),,2026,5,10.0,5.0,0.0,9.0,0.0,14.0
787,189596357,도서,나의 첫 번째 미역국,염혜원 글그림,웅진주니어,2026년 05월,10,13500,15000.0,750,5811,리뷰 총점10.0 정보 더 보기/감추기 종이책 리뷰 (56건) eBook 리뷰 (0건) 종이책 한줄평 (1건) eBook 한줄평 (0건),,2026,5,10.0,56.0,0.0,1.0,0.0,57.0
788,189590632,도서,토끼 씨의 완벽한 가방,송미경 글/마리아 라모스 그림,봄볕,2026년 06월,10,15300,17000.0,850,4755,,,2026,6,,0.0,0.0,0.0,0.0,0.0
789,189520231,도서,번뇌를 종료합니다,필로소피랩 저,각주,2026년 04월,10,16200,18000.0,900,5463,리뷰 총점10.0 정보 더 보기/감추기 종이책 리뷰 (58건) eBook 리뷰 (0건) 종이책 한줄평 (2건) eBook 한줄평 (0건),,2026,4,10.0,58.0,0.0,2.0,0.0,60.0
790,189469829,만화,도쿄 에일리언즈 12 트리플 특장판,NAOE 글그림/박소현 역,서울미디어코믹스(서울문화사),2026년 05월,10,5400,6000.0,300,22191,리뷰 총점10.0 정보 더 보기/감추기 종이책 리뷰 (13건) eBook 리뷰 (0건) 종이책 한줄평 (28건) eBook 한줄평 (0건),,2026,5,10.0,13.0,0.0,28.0,0.0,41.0
791,189337903,도서,인 메모리엄,앨리스 윈 저/이나경 역,다산책방,2026년 05월,10,18900,21000.0,1050,17847,리뷰 총점9.9 정보 더 보기/감추기 종이책 리뷰 (38건) eBook 리뷰 (0건) 종이책 한줄평 (9건) eBook 한줄평 (0건),,2026,5,9.9,38.0,0.0,9.0,0.0,47.0
792,189114440,도서,우린 반드시 행복해진다,조성용 저,북갈피,2026년 05월,10,16650,18500.0,920,7608,리뷰 총점9.4 정보 더 보기/감추기 종이책 리뷰 (17건) eBook 리뷰 (0건) 종이책 한줄평 (0건) eBook 한줄평 (0건),,2026,5,9.4,17.0,0.0,0.0,0.0,17.0
793,188839676,도서,로딩 중,김온서 글/임나운 그림,소원나무,2026년 05월,10,12600,14000.0,700,11313,리뷰 총점10.0 정보 더 보기/감추기 종이책 리뷰 (44건) eBook 리뷰 (0건) 종이책 한줄평 (4건) eBook 한줄평 (0건),,2026,5,10.0,44.0,0.0,4.0,0.0,48.0
794,188600592,도서,2026 해커스 전산세무 2급 한권합격 이론+실무+최신기출 12회분+무료특강,이남호 저,해커스금융,2026년 05월,10,28800,32000.0,320,7008,리뷰 총점10.0 정보 더 보기/감추기 종이책 리뷰 (5건) eBook 리뷰 (0건) 종이책 한줄평 (2건) eBook 한줄평 (0건),,2026,5,10.0,5.0,0.0,2.0,0.0,7.0
795,188189412,도서,잘 자고 잘 먹는 아기의 시간표,정재호 저,한빛라이프,2026년 05월,10,19800,22000.0,1100,20430,,,2026,5,,0.0,0.0,0.0,0.0,0.0
796,188182444,도서,된다! 캡컷 영상 편집,지민이 저,이지스퍼블리싱,2026년 05월,10,19800,22000.0,1100,10539,리뷰 총점10.0 정보 더 보기/감추기 종이책 리뷰 (30건) eBook 리뷰 (0건) 종이책 한줄평 (1건) eBook 한줄평 (0건),,2026,5,10.0,30.0,0.0,1.0,0.0,31.0
797,188155297,도서,꾸준함을 기르는 일,수풀림 저,다산북스,2026년 04월,10,16200,18000.0,900,21720,리뷰 총점9.8 정보 더 보기/감추기 종이책 리뷰 (11건) eBook 리뷰 (0건) 종이책 한줄평 (1건) eBook 한줄평 (0건),,2026,4,9.8,11.0,0.0,1.0,0.0,12.0
798,188014455,도서,착한 염증 나쁜 염증,이승훈 저,웅진지식하우스,2026년 04월,10,18900,21000.0,1050,21897,리뷰 총점10.0 정보 더 보기/감추기 종이책 리뷰 (8건) eBook 리뷰 (0건) 종이책 한줄평 (7건) eBook 한줄평 (0건),,2026,4,10.0,8.0,0.0,7.0,0.0,15.0
799,188004121,도서,고래밥 탐험대 : 진짜 보물을 찾아서,서피랑 글/홍혜련 그림/오리온 기획,주니어김영사,2026년 04월,10,13500,15000.0,750,12120,리뷰 총점10.0 정보 더 보기/감추기 종이책 리뷰 (8건) eBook 리뷰 (0건) 종이책 한줄평 (1건) eBook 한줄평 (0건),,2026,4,10.0,8.0,0.0,1.0,0.0,9.0
800,187934562,도서,나의 사탄,백은별 저,위즈덤하우스,2026년 04월,10,11700,13000.0,650,12528,리뷰 총점5.7 정보 더 보기/감추기 종이책 리뷰 (19건) eBook 리뷰 (0건) 종이책 한줄평 (10건) eBook 한줄평 (0건),,2026,4,5.7,19.0,0.0,10.0,0.0,29.0
801,187927198,도서,2027 소방직 시험대비 SO NICE 백소나 소방관계법규 2,백소나 편저,더나은,2026년 04월,10,28800,32000.0,320,14766,리뷰 총점10.0 정보 더 보기/감추기 종이책 리뷰 (1건) eBook 리뷰 (0건) 종이책 한줄평 (2건) eBook 한줄평 (0건),,2026,4,10.0,1.0,0.0,2.0,0.0,3.0
802,187927193,도서,2027 소방직 시험대비 SO NICE 백소나 소방관계법규 1,백소나 편저,더나은,2026년 04월,10,35100,39000.0,390,15000,리뷰 총점10.0 정보 더 보기/감추기 종이책 리뷰 (1건) eBook 리뷰 (0건) 종이책 한줄평 (1건) eBook 한줄평 (0건),,2026,4,10.0,1.0,0.0,1.0,0.0,2.0
803,187661762,도서,흉담,전건우 저,래빗홀,2026년 04월,10,15300,17000.0,850,12108,리뷰 총점9.4 정보 더 보기/감추기 종이책 리뷰 (30건) eBook 리뷰 (0건) 종이책 한줄평 (8건) eBook 한줄평 (1건),,2026,4,9.4,30.0,0.0,8.0,1.0,39.0
804,187649817,도서,세상에서 가장 좋은 문장 필사,김정민 저,북로그컴퍼니,2026년 04월,10,19800,22000.0,1100,10152,리뷰 총점10.0 정보 더 보기/감추기 종이책 리뷰 (44건) eBook 리뷰 (0건) 종이책 한줄평 (7건) eBook 한줄평 (0건),,2026,4,10.0,44.0,0.0,7.0,0.0,51.0
805,187564793,도서,해파리 만개,김초엽 저/박지숙 그림,마음산책,2026년 04월,10,15120,16800.0,840,21927,리뷰 총점9.6 정보 더 보기/감추기 종이책 리뷰 (13건) eBook 리뷰 (0건) 종이책 한줄평 (13건) eBook 한줄평 (0건),,2026,4,9.6,13.0,0.0,13.0,0.0,26.0
806,187536745,도서,강물이 멈춘 날,월리 램 저/박산호 역,리프,2026년 04월,10,19800,22000.0,1100,16899,리뷰 총점9.9 정보 더 보기/감추기 종이책 리뷰 (21건) eBook 리뷰 (0건) 종이책 한줄평 (6건) eBook 한줄평 (0건),,2026,4,9.9,21.0,0.0,6.0,0.0,27.0
807,186451693,도서,기획된 내란,이희천 저,대추나무,2026년 04월,10,15300,17000.0,850,22290,리뷰 총점8.5 정보 더 보기/감추기 종이책 리뷰 (6건) eBook 리뷰 (0건) 종이책 한줄평 (21건) eBook 한줄평 (1건),,2026,4,8.5,6.0,0.0,21.0,1.0,28.0
808,186142608,도서,우리들의 수사를 시작하겠습니다,서아람 글/쏘우주 그림,다산어린이,2026년 04월,10,13500,15000.0,750,18282,리뷰 총점9.9 정보 더 보기/감추기 종이책 리뷰 (39건) eBook 리뷰 (0건) 종이책 한줄평 (0건) eBook 한줄평 (0건),,2026,4,9.9,39.0,0.0,0.0,0.0,39.0
809,185531831,도서,꼬랑지네 떡집,김리리 글/김이랑 그림,비룡소,2026년 04월,10,11700,13000.0,650,26817,리뷰 총점10.0 정보 더 보기/감추기 종이책 리뷰 (19건) eBook 리뷰 (0건) 종이책 한줄평 (23건) eBook 한줄평 (0건),,2026,4,10.0,19.0,0.0,23.0,0.0,42.0
810,184402619,도서,김민식의 내 몸을 바꾸는 평생 루틴,김민식 저,중앙북스(books),2026년 04월,10,18000,20000.0,1000,12129,리뷰 총점9.9 정보 더 보기/감추기 종이책 리뷰 (29건) eBook 리뷰 (0건) 종이책 한줄평 (4건) eBook 한줄평 (1건),,2026,4,9.9,29.0,0.0,4.0,1.0,34.0
811,184268249,도서,2026 해커스 한국사능력검정시험 심화(1 · 2 · 3급) 한능검 한권합격 + 빈출주제 TOP5 요약노트,해커스 한국사연구소 저,해커스한국사,2026년 04월,10,26820,29800.0,1490,5805,리뷰 총점10.0 정보 더 보기/감추기 종이책 리뷰 (8건) eBook 리뷰 (0건) 종이책 한줄평 (3건) eBook 한줄평 (0건),,2026,4,10.0,8.0,0.0,3.0,0.0,11.0
812,183907574,도서,2027 에듀윌 사회복지사 1급 단원별X회차별 기출문제집+무료특강,손용근 저,에듀윌,2026년 03월,10,26100,29000.0,1450,4944,리뷰 총점9.5 정보 더 보기/감추기 종이책 리뷰 (4건) eBook 리뷰 (0건) 종이책 한줄평 (2건) eBook 한줄평 (2건),,2026,3,9.5,4.0,0.0,2.0,2.0,8.0
813,183751609,도서,한눈에 보는 AI 반도체 산업,MrTrigger 저,한빛미디어,2026년 03월,10,23400,26000.0,1300,13242,리뷰 총점9.9 정보 더 보기/감추기 종이책 리뷰 (32건) eBook 리뷰 (1건) 종이책 한줄평 (114건) eBook 한줄평 (0건),,2026,3,9.9,32.0,1.0,114.0,0.0,147.0
814,183660941,도서,김경일의 마음 트래킹,김경일 저,21세기북스,2026년 03월,10,19800,22000.0,1100,19881,리뷰 총점9.9 정보 더 보기/감추기 종이책 리뷰 (46건) eBook 리뷰 (0건) 종이책 한줄평 (13건) eBook 한줄평 (0건),,2026,3,9.9,46.0,0.0,13.0,0.0,59.0
815,183538634,도서,나의 친구들,프레드릭 배크만 저/이은선 역,다산책방,2026년 03월,10,16920,18800.0,940,19953,리뷰 총점9.8 정보 더 보기/감추기 종이책 리뷰 (138건) eBook 리뷰 (0건) 종이책 한줄평 (23건) eBook 한줄평 (0건),,2026,3,9.8,138.0,0.0,23.0,0.0,161.0
816,182803041,만화,보이시한 여자친구가 너무 귀여워 4 특장판,Gyunyumugigohan 글그림/심이슬 역,서울미디어코믹스(서울문화사),2026년 03월,10,9900,11000.0,550,10038,리뷰 총점9.9 정보 더 보기/감추기 종이책 리뷰 (15건) eBook 리뷰 (0건) 종이책 한줄평 (28건) eBook 한줄평 (0건),,2026,3,9.9,15.0,0.0,28.0,0.0,43.0
817,182641323,도서,은하수를 여행하는 히치하이커를 위한 안내서 합본,"더글러스 애덤스 저/김선형, 권진아 역",책세상,2005년 12월,10,63900,71000.0,3550,21057,리뷰 총점8.7 정보 더 보기/감추기 종이책 리뷰 (33건) eBook 리뷰 (3건) 종이책 한줄평 (23건) eBook 한줄평 (8건),,2005,12,8.7,33.0,3.0,23.0,8.0,67.0
818,182437425,도서,JLPT(일본어능력시험) 한권으로 끝내기 N2,"이치우, 기타지마 치즈코, 박성길, 도리이 마이코 저",다락원,2026년 03월,10,25200,28000.0,1400,17985,리뷰 총점10.0 정보 더 보기/감추기 종이책 리뷰 (4건) eBook 리뷰 (0건) 종이책 한줄평 (5건) eBook 한줄평 (0건),,2026,3,10.0,4.0,0.0,5.0,0.0,9.0
819,182437401,도서,JLPT(일본어능력시험) 한권으로 끝내기 N4,"이치우, 이한나, 이영아 저",다락원,2026년 03월,10,25200,28000.0,1400,12426,리뷰 총점10.0 정보 더 보기/감추기 종이책 리뷰 (3건) eBook 리뷰 (0건) 종이책 한줄평 (2건) eBook 한줄평 (0건),,2026,3,10.0,3.0,0.0,2.0,0.0,5.0
820,180386632,도서,에이든 국내여행 가이드북,"이정기, 타블라라사 저",타블라라사,2026년 04월,10,26460,29400.0,1470,19770,리뷰 총점10.0 정보 더 보기/감추기 종이책 리뷰 (49건) eBook 리뷰 (0건) 종이책 한줄평 (31건) eBook 한줄평 (0건),,2026,4,10.0,49.0,0.0,31.0,0.0,80.0
821,180207158,도서,사고력이 폭발하는 교실을 위한 8가지 도구,"론 리치하트 저/구본희, 이규대, 정은식, 조윤정 역",우리학교,2026년 02월,10,25200,28000.0,1400,8109,,,2026,2,,0.0,0.0,0.0,0.0,0.0
822,174976241,도서,2026 시나공 정보처리기사 실기 기출문제집,길벗알앤디 저,길벗,2026년 02월,10,20700,23000.0,1150,9660,리뷰 총점8.9 정보 더 보기/감추기 종이책 리뷰 (1건) eBook 리뷰 (0건) 종이책 한줄평 (12건) eBook 한줄평 (1건),,2026,2,8.9,1.0,0.0,12.0,1.0,14.0
823,174285368,도서,존리의 부자되기 습관,존리 저,이든하우스,2026년 02월,10,18000,20000.0,1000,55833,리뷰 총점9.5 정보 더 보기/감추기 종이책 리뷰 (6건) eBook 리뷰 (0건) 종이책 한줄평 (11건) eBook 한줄평 (12건),,2026,2,9.5,6.0,0.0,11.0,12.0,29.0
824,172779584,도서,일본어 마스터 1500,오현숙 저,길벗이지톡,2026년 02월,10,26550,29500.0,1470,23316,리뷰 총점9.9 정보 더 보기/감추기 종이책 리뷰 (22건) eBook 리뷰 (0건) 종이책 한줄평 (11건) eBook 한줄평 (0건),,2026,2,9.9,22.0,0.0,11.0,0.0,33.0
825,169882226,도서,2026 시대에듀 사회조사분석사 2급 2차 실기 한권으로 끝내기,소정현 편저,시대고시기획 시대교육,2026년 03월,10,31500,35000.0,1750,8136,리뷰 총점9.9 정보 더 보기/감추기 종이책 리뷰 (15건) eBook 리뷰 (0건) 종이책 한줄평 (5건) eBook 한줄평 (0건),,2026,3,9.9,15.0,0.0,5.0,0.0,20.0
826,169664844,도서,댈러웨이 부인,버지니아 울프 저/이미애 역,민음사,2025년 12월,10,13500,15000.0,750,3534,리뷰 총점10.0 정보 더 보기/감추기 종이책 리뷰 (1건) eBook 리뷰 (0건) 종이책 한줄평 (1건) eBook 한줄평 (0건),,2025,12,10.0,1.0,0.0,1.0,0.0,2.0
827,169652496,도서,곤충 찜질방,최이레 글그림,노란돼지,2026년 01월,10,15300,17000.0,850,15150,리뷰 총점10.0 정보 더 보기/감추기 종이책 리뷰 (44건) eBook 리뷰 (0건) 종이책 한줄평 (7건) eBook 한줄평 (0건),,2026,1,10.0,44.0,0.0,7.0,0.0,51.0
828,162330561,도서,2027학년도 LEET 대비 잘고른 300제 추리논증,메가로스쿨 언어논리연구소 저,메가로스쿨,2025년 11월,10,29700,33000.0,1650,12375,,,2025,11,,0.0,0.0,0.0,0.0,0.0
829,161987020,도서,도덕감정론,애덤 스미스 저/이종인 역,현대지성,2025년 11월,10,22500,25000.0,1250,8385,리뷰 총점9.9 정보 더 보기/감추기 종이책 리뷰 (28건) eBook 리뷰 (0건) 종이책 한줄평 (4건) eBook 한줄평 (0건),,2025,11,9.9,28.0,0.0,4.0,0.0,32.0
830,155059171,도서,현진에게,이수진 글/양양 그림,사계절,2025년 10월,10,11700,13000.0,650,10926,리뷰 총점10.0 정보 더 보기/감추기 종이책 리뷰 (9건) eBook 리뷰 (0건) 종이책 한줄평 (1건) eBook 한줄평 (0건),,2025,10,10.0,9.0,0.0,1.0,0.0,10.0
831,154632842,도서,2026 단계별기출 핵심지문 박철한 경찰헌법 OX 시즌 4,박철한 편저,법률저널,2025년 10월,10,34200,38000.0,380,13818,리뷰 총점9.4 정보 더 보기/감추기 종이책 리뷰 (5건) eBook 리뷰 (0건) 종이책 한줄평 (2건) eBook 한줄평 (0건),,2025,10,9.4,5.0,0.0,2.0,0.0,7.0
832,154253945,도서,모두를 위한 한국미술사,유홍준 저,눌와,2025년 09월,10,32400,36000.0,1800,41886,리뷰 총점9.9 정보 더 보기/감추기 종이책 리뷰 (17건) eBook 리뷰 (0건) 종이책 한줄평 (19건) eBook 한줄평 (0건),,2025,9,9.9,17.0,0.0,19.0,0.0,36.0
833,154235969,도서,VOCA VOCA,심우철 저,공단기(에스티유니타스),2025년 09월,10,16200,18000.0,180,9684,리뷰 총점9.5 정보 더 보기/감추기 종이책 리뷰 (9건) eBook 리뷰 (0건) 종이책 한줄평 (8건) eBook 한줄평 (0건),,2025,9,9.5,9.0,0.0,8.0,0.0,17.0
834,151657789,도서,어른의 관계를 가꾸는 100일 필사 노트,김종원 저,청림Life,2025년 09월,10,18000,20000.0,1000,83103,리뷰 총점9.9 정보 더 보기/감추기 종이책 리뷰 (50건) eBook 리뷰 (0건) 종이책 한줄평 (28건) eBook 한줄평 (0건),,2025,9,9.9,50.0,0.0,28.0,0.0,78.0
835,151374018,도서,영어가 바로 터지는 기적의 말하기 영어회화 패턴 1000,이시원 저,시원스쿨닷컴,2025년 08월,10,8100,9000.0,450,61662,리뷰 총점9.9 정보 더 보기/감추기 종이책 리뷰 (61건) eBook 리뷰 (0건) 종이책 한줄평 (13건) eBook 한줄평 (0건),,2025,8,9.9,61.0,0.0,13.0,0.0,74.0
836,150718294,도서,해커스 JLPT N2(일본어능력시험) 한권합격,해커스 JLPT 연구소 저,해커스어학연구소,2025년 08월,10,24300,27000.0,1350,25296,리뷰 총점10.0 정보 더 보기/감추기 종이책 리뷰 (6건) eBook 리뷰 (1건) 종이책 한줄평 (6건) eBook 한줄평 (1건),,2025,8,10.0,6.0,1.0,6.0,1.0,14.0
837,149370012,도서,여기는 파워섬 에너지를 배웁니다,서해경 글/김현영 그림,천개의바람,2025년 07월,10,11700,13000.0,650,1539,리뷰 총점9.4 정보 더 보기/감추기 종이책 리뷰 (7건) eBook 리뷰 (0건) 종이책 한줄평 (0건) eBook 한줄평 (0건),,2025,7,9.4,7.0,0.0,0.0,0.0,7.0
838,149107353,도서,가공범,히가시노 게이고 저/김선영 역,북다,2025년 07월,10,19800,22000.0,1100,138540,리뷰 총점9.4 정보 더 보기/감추기 종이책 리뷰 (138건) eBook 리뷰 (10건) 종이책 한줄평 (131건) eBook 한줄평 (116건),,2025,7,9.4,138.0,10.0,131.0,116.0,395.0
839,148749520,도서,강하고 아름다운 할머니가 되고 싶어,김슬기 저,클레이하우스,2025년 07월,10,16200,18000.0,900,12450,리뷰 총점9.6 정보 더 보기/감추기 종이책 리뷰 (27건) eBook 리뷰 (1건) 종이책 한줄평 (9건) eBook 한줄평 (21건),,2025,7,9.6,27.0,1.0,9.0,21.0,58.0
840,148420246,도서,"소크라테스, 법정에서 진리를 말하다",김철홍 글/다나 그림,천개의바람,2025년 07월,10,11700,13000.0,650,2565,리뷰 총점9.7 정보 더 보기/감추기 종이책 리뷰 (11건) eBook 리뷰 (0건) 종이책 한줄평 (0건) eBook 한줄평 (1건),,2025,7,9.7,11.0,0.0,0.0,1.0,12.0
841,148025118,도서,여름은 고작 계절 (1주년 기념 에디션),김서해 저,위즈덤하우스,2026년 06월,10,15750,17500.0,870,50577,리뷰 총점9.2 정보 더 보기/감추기 종이책 리뷰 (75건) eBook 리뷰 (6건) 종이책 한줄평 (39건) eBook 한줄평 (30건),,2026,6,9.2,75.0,6.0,39.0,30.0,150.0
842,147746130,도서,MVP Vol. 2,김영 편입 컨텐츠평가연구소 편저,김앤북,2025년 06월,10,22500,25000.0,1250,9288,리뷰 총점10.0 정보 더 보기/감추기 종이책 리뷰 (0건) eBook 리뷰 (0건) 종이책 한줄평 (2건) eBook 한줄평 (0건),,2025,6,10.0,0.0,0.0,2.0,0.0,2.0
843,147311959,도서,마침내 특이점이 시작된다,레이 커즈와일 저/이충호 역/장대익 감수,비즈니스북스,2025년 06월,10,27000,30000.0,1500,61395,리뷰 총점9.5 정보 더 보기/감추기 종이책 리뷰 (46건) eBook 리뷰 (1건) 종이책 한줄평 (86건) eBook 한줄평 (7건),,2025,6,9.5,46.0,1.0,86.0,7.0,140.0
844,147045567,도서,요즘 10대를 위한 최소한의 전쟁사,김봉중 저,빅피시,2025년 06월,10,15120,16800.0,840,9924,리뷰 총점9.7 정보 더 보기/감추기 종이책 리뷰 (3건) eBook 리뷰 (0건) 종이책 한줄평 (4건) eBook 한줄평 (0건),,2025,6,9.7,3.0,0.0,4.0,0.0,7.0
845,145426898,도서,요즘 교사를 위한 AI 수업 활용 가이드 with 2022 개정 교육과정,"박진환, 공지훈, 서원진 저",한빛미디어,2025년 05월,10,18000,20000.0,1000,86376,리뷰 총점9.8 정보 더 보기/감추기 종이책 리뷰 (50건) eBook 리뷰 (1건) 종이책 한줄평 (12건) eBook 한줄평 (2건),,2025,5,9.8,50.0,1.0,12.0,2.0,65.0
846,143896198,도서,흰,한강 저,문학동네,2025년 03월,10,13050,14500.0,720,25443,리뷰 총점9.2 정보 더 보기/감추기 종이책 리뷰 (34건) eBook 리뷰 (2건) 종이책 한줄평 (31건) eBook 한줄평 (4건),,2025,3,9.2,34.0,2.0,31.0,4.0,71.0
847,141690794,도서,일본어 명카피 핸드북,정규영 편저/오가타 요시히로 감수,길벗이지톡,2025년 01월,10,16200,18000.0,900,16101,리뷰 총점9.6 정보 더 보기/감추기 종이책 리뷰 (38건) eBook 리뷰 (3건) 종이책 한줄평 (26건) eBook 한줄평 (2건),,2025,1,9.6,38.0,3.0,26.0,2.0,69.0
848,141128471,도서,만만이 교사의 쎈 척하는 법,김참외 저,아이스크림북스,2025년 02월,10,15750,17500.0,870,36669,리뷰 총점9.5 정보 더 보기/감추기 종이책 리뷰 (12건) eBook 리뷰 (0건) 종이책 한줄평 (25건) eBook 한줄평 (1건),,2025,2,9.5,12.0,0.0,25.0,1.0,38.0
849,135966968,도서,가난한 찰리의 연감,찰리 멍거 저/김태훈 역/피터 코프먼 기획,김영사,2024년 11월,10,29700,33000.0,1650,28083,리뷰 총점9.0 정보 더 보기/감추기 종이책 리뷰 (84건) eBook 리뷰 (13건) 종이책 한줄평 (94건) eBook 한줄평 (18건),,2024,11,9.0,84.0,13.0,94.0,18.0,209.0
850,129602366,도서,불안 세대,조너선 하이트 저/이충호 역,웅진지식하우스,2024년 07월,10,22320,24800.0,1240,40521,리뷰 총점9.7 정보 더 보기/감추기 종이책 리뷰 (108건) eBook 리뷰 (14건) 종이책 한줄평 (106건) eBook 한줄평 (28건),,2024,7,9.7,108.0,14.0,106.0,28.0,256.0
851,128589778,도서,해커스공무원 영문법 합격생 필기노트,해커스 공무원시험연구소 편저,해커스공무원,2025년 09월,10,10710,11900.0,110,16110,리뷰 총점9.6 정보 더 보기/감추기 종이책 리뷰 (30건) eBook 리뷰 (2건) 종이책 한줄평 (27건) eBook 한줄평 (2건),,2025,9,9.6,30.0,2.0,27.0,2.0,61.0
852,126566083,도서,나는 개다,백희나 글그림,스토리보울,2024년 05월,10,13500,15000.0,750,10758,리뷰 총점9.5 정보 더 보기/감추기 종이책 리뷰 (6건) eBook 리뷰 (0건) 종이책 한줄평 (10건) eBook 한줄평 (0건),,2024,5,9.5,6.0,0.0,10.0,0.0,16.0
853,126111057,도서,히든 픽처스,제이슨 르쿨락 저/유소영 역,문학수첩,2024년 05월,10,12600,14000.0,700,33816,리뷰 총점9.5 정보 더 보기/감추기 종이책 리뷰 (68건) eBook 리뷰 (0건) 종이책 한줄평 (73건) eBook 한줄평 (0건),,2024,5,9.5,68.0,0.0,73.0,0.0,141.0
854,125829847,도서,토마토 컵라면,차정은 저,BOOKK(부크크),2024년 04월,10,8100,9000.0,450,39750,리뷰 총점9.3 정보 더 보기/감추기 종이책 리뷰 (38건) eBook 리뷰 (0건) 종이책 한줄평 (67건) eBook 한줄평 (8건),,2024,4,9.3,38.0,0.0,67.0,8.0,113.0
855,125558276,도서,알사탕 제조법,백희나 글그림,스토리보울,2024년 03월,10,9000,10000.0,500,14424,리뷰 총점8.1 정보 더 보기/감추기 종이책 리뷰 (72건) eBook 리뷰 (0건) 종이책 한줄평 (98건) eBook 한줄평 (0건),,2024,3,8.1,72.0,0.0,98.0,0.0,170.0
856,125313386,도서,1학년 한글 떼기,하유정 글/김희선 그림,한빛에듀,2024년 03월,10,12600,14000.0,700,51936,리뷰 총점9.9 정보 더 보기/감추기 종이책 리뷰 (80건) eBook 리뷰 (0건) 종이책 한줄평 (51건) eBook 한줄평 (0건),,2024,3,9.9,80.0,0.0,51.0,0.0,131.0
857,124897274,도서,흰 바람벽이 있어,강영준 저,북멘토,2024년 02월,10,16200,18000.0,900,840,리뷰 총점9.9 정보 더 보기/감추기 종이책 리뷰 (30건) eBook 리뷰 (0건) 종이책 한줄평 (0건) eBook 한줄평 (0건),,2024,2,9.9,30.0,0.0,0.0,0.0,30.0
858,123400303,도서,이처럼 사소한 것들,클레어 키건 저/홍한별 역,다산책방,2023년 11월,10,12420,13800.0,690,77826,리뷰 총점9.4 정보 더 보기/감추기 종이책 리뷰 (398건) eBook 리뷰 (37건) 종이책 한줄평 (399건) eBook 한줄평 (65건),,2023,11,9.4,398.0,37.0,399.0,65.0,899.0
859,122541567,도서,안아 줄게,"김복태, 김상아 글그림",보림,2023년 09월,10,11700,13000.0,650,7980,리뷰 총점10.0 정보 더 보기/감추기 종이책 리뷰 (7건) eBook 리뷰 (0건) 종이책 한줄평 (0건) eBook 한줄평 (0건),,2023,9,10.0,7.0,0.0,0.0,0.0,7.0
860,122532297,도서,"돈, 뜨겁게 사랑하고 차갑게 다루어라",앙드레 코스톨라니 저/한윤진 역,미래의창,2023년 09월,10,13500,15000.0,750,41127,리뷰 총점9.4 정보 더 보기/감추기 종이책 리뷰 (54건) eBook 리뷰 (10건) 종이책 한줄평 (51건) eBook 한줄평 (23건),,2023,9,9.4,54.0,10.0,51.0,23.0,138.0
861,122428190,도서,생각이 너무 많은 어른들을 위한 심리학,김혜남 저,메이븐,2023년 09월,10,16020,17800.0,890,29532,리뷰 총점9.6 정보 더 보기/감추기 종이책 리뷰 (106건) eBook 리뷰 (25건) 종이책 한줄평 (118건) eBook 한줄평 (98건),,2023,9,9.6,106.0,25.0,118.0,98.0,347.0
862,120785860,도서,좋은 일이 오려고 그러나 보다 (리커버판),박여름 저,히읏,2023년 07월,10,15120,16800.0,840,23541,리뷰 총점9.3 정보 더 보기/감추기 종이책 리뷰 (44건) eBook 리뷰 (1건) 종이책 한줄평 (49건) eBook 한줄평 (13건),,2023,7,9.3,44.0,1.0,49.0,13.0,107.0
863,120163724,도서,위기의 역사,오건영 저/안병현 그림,페이지2북스,2023년 07월,10,25200,28000.0,1400,11004,리뷰 총점9.7 정보 더 보기/감추기 종이책 리뷰 (119건) eBook 리뷰 (8건) 종이책 한줄평 (99건) eBook 한줄평 (18건),,2023,7,9.7,119.0,8.0,99.0,18.0,244.0
864,119293186,도서,Do it! 점프 투 파이썬,박응용 저,이지스퍼블리싱,2023년 06월,10,19800,22000.0,1100,42837,리뷰 총점9.7 정보 더 보기/감추기 종이책 리뷰 (68건) eBook 리뷰 (2건) 종이책 한줄평 (73건) eBook 한줄평 (5건),,2023,6,9.7,68.0,2.0,73.0,5.0,148.0
865,118483018,도서,설득의 심리학 1,"로버트 치알디니 저/황혜숙, 임상훈 역",21세기북스,2023년 04월,10,28800,32000.0,1600,33354,리뷰 총점9.6 정보 더 보기/감추기 종이책 리뷰 (46건) eBook 리뷰 (3건) 종이책 한줄평 (55건) eBook 한줄평 (10건),,2023,4,9.6,46.0,3.0,55.0,10.0,114.0
866,118380549,도서,조선미의 현실 육아 상담소,조선미 저,북하우스,2023년 04월,10,15750,17500.0,870,12195,리뷰 총점9.9 정보 더 보기/감추기 종이책 리뷰 (89건) eBook 리뷰 (0건) 종이책 한줄평 (38건) eBook 한줄평 (12건),,2023,4,9.9,89.0,0.0,38.0,12.0,139.0
867,117873525,도서,두고 온 여름,성해나 저,창비,2023년 03월,10,12600,14000.0,700,42957,리뷰 총점9.5 정보 더 보기/감추기 종이책 리뷰 (72건) eBook 리뷰 (0건) 종이책 한줄평 (67건) eBook 한줄평 (1건),,2023,3,9.5,72.0,0.0,67.0,1.0,140.0
868,117671556,도서,멈출 수 없는 우리 1,유발 하라리 글/리카르드 사플라나 루이스 그림/김명주 역,주니어김영사,2023년 02월,10,13320,14800.0,740,14697,리뷰 총점9.8 정보 더 보기/감추기 종이책 리뷰 (34건) eBook 리뷰 (0건) 종이책 한줄평 (31건) eBook 한줄평 (0건),,2023,2,9.8,34.0,0.0,31.0,0.0,65.0
869,117516779,도서,ETS 토익 단기공략 Part 5 6,ETS 저,YBM(와이비엠),2023년 02월,10,13500,15000.0,750,14442,리뷰 총점9.6 정보 더 보기/감추기 종이책 리뷰 (24건) eBook 리뷰 (0건) 종이책 한줄평 (27건) eBook 한줄평 (0건),,2023,2,9.6,24.0,0.0,27.0,0.0,51.0
870,117117488,도서,일본어 문법 무작정 따라하기,후지이 아사리 저,길벗이지톡,2023년 02월,10,23400,26000.0,1300,38937,리뷰 총점9.6 정보 더 보기/감추기 종이책 리뷰 (75건) eBook 리뷰 (10건) 종이책 한줄평 (92건) eBook 한줄평 (23건),,2023,2,9.6,75.0,10.0,92.0,23.0,200.0
871,117117486,도서,일본어 상용한자 무작정 따라하기 1,권경배 저,길벗이지톡,2023년 01월,10,23400,26000.0,1300,26421,리뷰 총점9.5 정보 더 보기/감추기 종이책 리뷰 (54건) eBook 리뷰 (9건) 종이책 한줄평 (91건) eBook 한줄평 (9건),,2023,1,9.5,54.0,9.0,91.0,9.0,163.0
872,113444667,도서,0~5세 성장 발달에 맞추는 놀이 육아,"김원철, 강윤경, 김연목, 이지영 저/전선진 그림",마음책방,2022년 10월,10,19980,22200.0,1110,9642,리뷰 총점10.0 정보 더 보기/감추기 종이책 리뷰 (47건) eBook 리뷰 (0건) 종이책 한줄평 (23건) eBook 한줄평 (0건),,2022,10,10.0,47.0,0.0,23.0,0.0,70.0
873,113444329,도서,이해찬 회고록,이해찬 저,돌베개,2022년 09월,10,20700,23000.0,1150,178422,리뷰 총점8.3 정보 더 보기/감추기 종이책 리뷰 (45건) eBook 리뷰 (0건) 종이책 한줄평 (148건) eBook 한줄평 (0건),,2022,9,8.3,45.0,0.0,148.0,0.0,193.0
874,110253907,도서,거의 모든 행동 표현의 일본어,"서영조, TJL 콘텐츠 연구소 저/고가 사토시 감수",사람in,2022년 07월,10,18000,20000.0,1000,8094,리뷰 총점9.6 정보 더 보기/감추기 종이책 리뷰 (36건) eBook 리뷰 (5건) 종이책 한줄평 (45건) eBook 한줄평 (9건),,2022,7,9.6,36.0,5.0,45.0,9.0,95.0
875,109736038,도서,10일 만에 끝내는 해커스 토익스피킹(토스),해커스 어학연구소 저,해커스어학연구소,2025년 12월,10,17010,18900.0,940,15930,리뷰 총점9.6 정보 더 보기/감추기 종이책 리뷰 (57건) eBook 리뷰 (3건) 종이책 한줄평 (33건) eBook 한줄평 (6건),,2025,12,9.6,57.0,3.0,33.0,6.0,99.0
876,109323356,도서,뭐가 다를까? 다른그림찾기 1000,레이크 프레스 기획,길벗스쿨,2022년 05월,10,7920,8800.0,440,38187,리뷰 총점9.8 정보 더 보기/감추기 종이책 리뷰 (92건) eBook 리뷰 (0건) 종이책 한줄평 (79건) eBook 한줄평 (0건),,2022,5,9.8,92.0,0.0,79.0,0.0,171.0
877,108422348,도서,채식주의자,한강 저,창비,2022년 03월,10,15300,17000.0,850,120447,"리뷰 총점9.2 정보 더 보기/감추기 종이책 리뷰 (1,092건) eBook 리뷰 (0건) 종이책 한줄평 (687건) eBook 한줄평 (1건)",,2022,3,9.2,1092.0,0.0,687.0,1.0,1780.0
878,106711883,도서,진짜 쓰는 실무 엑셀,전진권 저,제이펍,2022년 02월,10,18900,21000.0,1050,69354,리뷰 총점9.8 정보 더 보기/감추기 종이책 리뷰 (133건) eBook 리뷰 (9건) 종이책 한줄평 (237건) eBook 한줄평 (9건),,2022,2,9.8,133.0,9.0,237.0,9.0,388.0
879,105877309,도서,하루 한장 초등 영어 파닉스+발음기호,이문필 저,키즈프렌즈,2022년 01월,10,12600,14000.0,700,55638,리뷰 총점9.7 정보 더 보기/감추기 종이책 리뷰 (119건) eBook 리뷰 (0건) 종이책 한줄평 (133건) eBook 한줄평 (0건),,2022,1,9.7,119.0,0.0,133.0,0.0,252.0
880,105360118,도서,속뜻풀이 초등국어사전,전광진 편저,속뜻사전교육출판사,2026년 01월,10,49500,55000.0,2750,30834,리뷰 총점9.8 정보 더 보기/감추기 종이책 리뷰 (253건) eBook 리뷰 (0건) 종이책 한줄평 (154건) eBook 한줄평 (0건),,2026,1,9.8,253.0,0.0,154.0,0.0,407.0
881,103982268,도서,한국단편소설 50,"성낙수, 박찬영, 김형주 편/김동인 등저",리베르스쿨,2021년 10월,10,16920,18800.0,940,72951,리뷰 총점9.7 정보 더 보기/감추기 종이책 리뷰 (48건) eBook 리뷰 (0건) 종이책 한줄평 (69건) eBook 한줄평 (0건),,2021,10,9.7,48.0,0.0,69.0,0.0,117.0
882,103152482,만화,주술회전 16 일반판,아쿠타미 게게 글그림/이정운 역,서울미디어코믹스(서울문화사),2021년 08월,10,5400,6000.0,300,17256,리뷰 총점9.8 정보 더 보기/감추기 종이책 리뷰 (63건) eBook 리뷰 (99건) 종이책 한줄평 (175건) eBook 한줄평 (188건),,2021,8,9.8,63.0,99.0,175.0,188.0,525.0
883,97276748,만화,주술회전 12 일반판,아쿠타미 게게 글그림/이정운 역,서울미디어코믹스(서울문화사),2021년 02월,10,5400,6000.0,300,15942,리뷰 총점9.7 정보 더 보기/감추기 종이책 리뷰 (62건) eBook 리뷰 (99건) 종이책 한줄평 (135건) eBook 한줄평 (201건),,2021,2,9.7,62.0,99.0,135.0,201.0,497.0
884,96002061,만화,주술회전 10 일반판,아쿠타미 게게 글그림/이정운 역,서울미디어코믹스(서울문화사),2020년 12월,10,5400,6000.0,300,19320,리뷰 총점9.8 정보 더 보기/감추기 종이책 리뷰 (83건) eBook 리뷰 (126건) 종이책 한줄평 (202건) eBook 한줄평 (226건),,2020,12,9.8,83.0,126.0,202.0,226.0,637.0
885,95521473,도서,동사 중심 네이티브 영어표현력 사전,이창수 저,다락원,2020년 11월,10,18000,20000.0,1000,16824,리뷰 총점9.7 정보 더 보기/감추기 종이책 리뷰 (41건) eBook 리뷰 (9건) 종이책 한줄평 (35건) eBook 한줄평 (14건),,2020,11,9.7,41.0,9.0,35.0,14.0,99.0
886,90328809,도서,스피킹 매트릭스 2분 영어 말하기,김태윤 저,길벗이지톡,2020년 05월,10,10800,12000.0,600,3966,리뷰 총점9.8 정보 더 보기/감추기 종이책 리뷰 (25건) eBook 리뷰 (4건) 종이책 한줄평 (36건) eBook 한줄평 (8건),,2020,5,9.8,25.0,4.0,36.0,8.0,73.0
887,89487182,도서,이상한 수학책,벤 올린 저/김성훈 역,북라이프,2020년 03월,10,21600,24000.0,1200,12159,리뷰 총점9.5 정보 더 보기/감추기 종이책 리뷰 (38건) eBook 리뷰 (2건) 종이책 한줄평 (50건) eBook 한줄평 (3건),,2020,3,9.5,38.0,2.0,50.0,3.0,93.0
888,89182437,도서,소유냐 존재냐,에리히 프롬 저/차경아 역,까치(까치글방),2020년 02월,10,13500,15000.0,750,51183,리뷰 총점9.7 정보 더 보기/감추기 종이책 리뷰 (71건) eBook 리뷰 (0건) 종이책 한줄평 (95건) eBook 한줄평 (0건),,2020,2,9.7,71.0,0.0,95.0,0.0,166.0
889,86429868,도서,더 위험한 과학책,랜들 먼로 저/이강환 역,시공사,2020년 01월,10,22500,25000.0,1250,9606,리뷰 총점9.5 정보 더 보기/감추기 종이책 리뷰 (59건) eBook 리뷰 (3건) 종이책 한줄평 (94건) eBook 한줄평 (5건),,2020,1,9.5,59.0,3.0,94.0,5.0,161.0
890,85028097,도서,해커스 토익 스타트 RC Reading (리딩),David Cho 저,해커스어학연구소,2025년 04월,10,13410,14900.0,740,41292,리뷰 총점9.8 정보 더 보기/감추기 종이책 리뷰 (60건) eBook 리뷰 (2건) 종이책 한줄평 (83건) eBook 한줄평 (3건),,2025,4,9.8,60.0,2.0,83.0,3.0,148.0
891,82589741,도서,백년운동,정선근 저,아티잔,2019년 11월,10,17550,19500.0,970,40524,리뷰 총점9.7 정보 더 보기/감추기 종이책 리뷰 (120건) eBook 리뷰 (0건) 종이책 한줄평 (233건) eBook 한줄평 (0건),,2019,11,9.7,120.0,0.0,233.0,0.0,353.0
892,72172926,도서,가만히 들어주었어,코리 도어펠드 글그림/신혜은 역,북뱅크,2019년 05월,10,12600,14000.0,700,11310,리뷰 총점10.0 정보 더 보기/감추기 종이책 리뷰 (32건) eBook 리뷰 (0건) 종이책 한줄평 (22건) eBook 한줄평 (0건),,2019,5,10.0,32.0,0.0,22.0,0.0,54.0
893,69734156,도서,시간의 계단 2,주영하 저,블라썸,2019년 02월,10,14220,15800.0,790,1920,리뷰 총점9.4 정보 더 보기/감추기 종이책 리뷰 (10건) eBook 리뷰 (0건) 종이책 한줄평 (22건) eBook 한줄평 (0건),,2019,2,9.4,10.0,0.0,22.0,0.0,32.0
894,67505388,도서,해커스톡 여행영어 10분의 기적,해커스 어학연구소 저,해커스어학연구소,2023년 03월,10,8820,9800.0,490,51219,리뷰 총점9.5 정보 더 보기/감추기 종이책 리뷰 (146건) eBook 리뷰 (12건) 종이책 한줄평 (109건) eBook 한줄평 (12건),,2023,3,9.5,146.0,12.0,109.0,12.0,279.0
895,61779464,도서,죽고 싶지만 떡볶이는 먹고 싶어,백세희 저/댄싱스네일 그림,흔,2018년 06월,10,12420,13800.0,690,20247,리뷰 총점7.9 정보 더 보기/감추기 종이책 리뷰 (218건) eBook 리뷰 (27건) 종이책 한줄평 (379건) eBook 한줄평 (121건),,2018,6,7.9,218.0,27.0,379.0,121.0,745.0
896,60716135,도서,아이스크림 걸음!,박종진 글/송선옥 그림,소원나무,2018년 05월,10,13500,15000.0,750,3633,리뷰 총점10.0 정보 더 보기/감추기 종이책 리뷰 (21건) eBook 리뷰 (0건) 종이책 한줄평 (8건) eBook 한줄평 (2건),,2018,5,10.0,21.0,0.0,8.0,2.0,31.0
897,48552043,도서,통일한국 제1고등학교,전성희 저,자음과모음,2017년 09월,10,13500,15000.0,750,11217,리뷰 총점9.2 정보 더 보기/감추기 종이책 리뷰 (13건) eBook 리뷰 (1건) 종이책 한줄평 (11건) eBook 한줄평 (1건),,2017,9,9.2,13.0,1.0,11.0,1.0,26.0
898,46659527,도서,말 그릇,김윤나 저,오아시스,2017년 09월,10,17100,19000.0,950,16959,리뷰 총점9.3 정보 더 보기/감추기 종이책 리뷰 (162건) eBook 리뷰 (82건) 종이책 한줄평 (346건) eBook 한줄평 (132건),,2017,9,9.3,162.0,82.0,346.0,132.0,722.0
899,45353675,도서,용의자 X의 헌신,히가시노 게이고 저/양억관 역,재인,2017년 08월,10,16920,18800.0,940,47319,리뷰 총점9.5 정보 더 보기/감추기 종이책 리뷰 (140건) eBook 리뷰 (0건) 종이책 한줄평 (266건) eBook 한줄평 (0건),,2017,8,9.5,140.0,0.0,266.0,0.0,406.0
900,36452643,도서,고구마구마,사이다 글그림,반달(킨더랜드),2017년 02월,10,11700,13000.0,650,18636,리뷰 총점9.7 정보 더 보기/감추기 종이책 리뷰 (53건) eBook 리뷰 (0건) 종이책 한줄평 (62건) eBook 한줄평 (0건),,2017,2,9.7,53.0,0.0,62.0,0.0,115.0
901,32484721,도서,철학통조림 : 매콤한 맛,김용규 저/이우일 그림,주니어김영사,2016년 09월,10,12150,13500.0,670,9726,리뷰 총점9.4 정보 더 보기/감추기 종이책 리뷰 (13건) eBook 리뷰 (0건) 종이책 한줄평 (22건) eBook 한줄평 (0건),,2016,9,9.4,13.0,0.0,22.0,0.0,35.0
902,18360997,도서,멋진 신세계,올더스 헉슬리 저/안정효 역,소담출판사,2015년 06월,10,12420,13800.0,690,45033,리뷰 총점9.2 정보 더 보기/감추기 종이책 리뷰 (280건) eBook 리뷰 (29건) 종이책 한줄평 (260건) eBook 한줄평 (80건),,2015,6,9.2,280.0,29.0,260.0,80.0,649.0
903,15282267,도서,10대를 위한 JUSTICE 정의란 무엇인가,마이클 샌델 원저/신현주 글/조혜진 그림/김선욱 감수,미래엔아이세움,2014년 11월,10,13500,15000.0,750,39945,리뷰 총점9.5 정보 더 보기/감추기 종이책 리뷰 (102건) eBook 리뷰 (0건) 종이책 한줄평 (161건) eBook 한줄평 (0건),,2014,11,9.5,102.0,0.0,161.0,0.0,263.0
904,13898460,도서,수박씨를 삼켰어!,그렉 피졸리 글그림/김경연 역,토토북,2014년 07월,10,12600,14000.0,700,8010,리뷰 총점9.8 정보 더 보기/감추기 종이책 리뷰 (35건) eBook 리뷰 (0건) 종이책 한줄평 (24건) eBook 한줄평 (0건),,2014,7,9.8,35.0,0.0,24.0,0.0,59.0
905,11301835,도서,팀 켈러의 일과 영성,팀 켈러 (티머시 켈러) 저/최종훈 역,두란노,2013년 11월,10,16200,18000.0,900,20316,리뷰 총점9.4 정보 더 보기/감추기 종이책 리뷰 (47건) eBook 리뷰 (0건) 종이책 한줄평 (82건) eBook 한줄평 (0건),,2013,11,9.4,47.0,0.0,82.0,0.0,129.0
906,8760138,도서,천년의 사랑,양귀자 저,쓰다,2013년 04월,10,13500,15000.0,750,21699,리뷰 총점9.3 정보 더 보기/감추기 종이책 리뷰 (22건) eBook 리뷰 (0건) 종이책 한줄평 (40건) eBook 한줄평 (0건),,2013,4,9.3,22.0,0.0,40.0,0.0,62.0
907,5883832,도서,서찰을 전하는 아이,한윤섭 글/백대승 그림,푸른숲주니어,2011년 10월,10,10800,12000.0,600,25611,리뷰 총점9.6 정보 더 보기/감추기 종이책 리뷰 (66건) eBook 리뷰 (0건) 종이책 한줄평 (95건) eBook 한줄평 (0건),,2011,10,9.6,66.0,0.0,95.0,0.0,161.0
908,4293743,도서,지하 100층짜리 집,이와이 도시오 저/김숙 역,북뱅크,2010년 11월,10,8550,9500.0,480,20160,리뷰 총점9.6 정보 더 보기/감추기 종이책 리뷰 (121건) eBook 리뷰 (0건) 종이책 한줄평 (120건) eBook 한줄평 (0건),,2010,11,9.6,121.0,0.0,120.0,0.0,241.0
909,4263762,도서,"봉주르, 뚜르",한윤섭 글/김진화 그림,문학동네,2010년 10월,10,12150,13500.0,670,22080,리뷰 총점9.7 정보 더 보기/감추기 종이책 리뷰 (62건) eBook 리뷰 (0건) 종이책 한줄평 (56건) eBook 한줄평 (10건),,2010,10,9.7,62.0,0.0,56.0,10.0,128.0
910,3647046,도서,그리스인 조르바,니코스 카잔차키스 저/이윤기 역,열린책들,2009년 12월,10,13320,14800.0,740,18996,리뷰 총점9.2 정보 더 보기/감추기 종이책 리뷰 (250건) eBook 리뷰 (4건) 종이책 한줄평 (164건) eBook 한줄평 (32건),,2009,12,9.2,250.0,4.0,164.0,32.0,450.0
911,2871076,도서,엄마랑 뽀뽀,김동수 글그림,보림,2008년 03월,10,11700,13000.0,650,15447,리뷰 총점9.5 정보 더 보기/감추기 종이책 리뷰 (96건) eBook 리뷰 (0건) 종이책 한줄평 (107건) eBook 한줄평 (0건),,2008,3,9.5,96.0,0.0,107.0,0.0,203.0
912,2532080,도서,두드려 보아요,안나 클라라 티돌름 글그림,사계절,2007년 04월,10,9000,10000.0,500,25128,리뷰 총점9.7 정보 더 보기/감추기 종이책 리뷰 (146건) eBook 리뷰 (0건) 종이책 한줄평 (190건) eBook 한줄평 (0건),,2007,4,9.7,146.0,0.0,190.0,0.0,336.0
913,338451,도서,눈물을 마시는 새 세트,이영도 저,황금가지,2003년 02월,10,59400,66000.0,3300,45327,리뷰 총점9.5 정보 더 보기/감추기 종이책 리뷰 (46건) eBook 리뷰 (0건) 종이책 한줄평 (64건) eBook 한줄평 (0건),,2003,2,9.5,46.0,0.0,64.0,0.0,110.0
914,194399,도서,손도끼,게리 폴슨 저,사계절,2001년 03월,10,9450,10500.0,520,13932,리뷰 총점8.9 정보 더 보기/감추기 종이책 리뷰 (39건) eBook 리뷰 (0건) 종이책 한줄평 (70건) eBook 한줄평 (0건),,2001,3,8.9,39.0,0.0,70.0,0.0,109.0
915,172368,도서,고도를 기다리며,사무엘 베케트 저,민음사,2000년 11월,10,8100,9000.0,450,31113,리뷰 총점9.0 정보 더 보기/감추기 종이책 리뷰 (190건) eBook 리뷰 (32건) 종이책 한줄평 (158건) eBook 한줄평 (60건),,2000,11,9.0,190.0,32.0,158.0,60.0,440.0
916,192284677,도서,긴키 지방의 어느 장소에 대하여 두 번째 기록,세스지 저/전선영 역,반타,2026년 06월,10,14220,15800.0,790,2010,,,2026,6,,0.0,0.0,0.0,0.0,0.0
917,192168149,도서,그림이 나를 자유롭게 할 거야,이소영 저,블랙피쉬,2026년 06월,10,20700,23000.0,1150,4860,리뷰 총점10.0 정보 더 보기/감추기 종이책 리뷰 (2건) eBook 리뷰 (0건) 종이책 한줄평 (2건) eBook 한줄평 (0건),,2026,6,10.0,2.0,0.0,2.0,0.0,4.0
918,192126691,도서,주식시장 흐름 읽는 법,우라가미 구미오 저/박승원 역,한국경제신문사(한경비피),2026년 06월,10,18000,20000.0,1000,1620,,,2026,6,,0.0,0.0,0.0,0.0,0.0
919,192126135,도서,사람 보는 눈이 없는 당신에게,궈즈리 저/이지수 역,지니의서재,2026년 07월,10,16920,18800.0,940,5460,,,2026,7,,0.0,0.0,0.0,0.0,0.0
920,192042259,도서,500명의 인물로 읽는 세계사,찰스 필립스 저/임지연 역/김봉중 감수,현대지성,2026년 06월,10,22500,25000.0,1250,996,,,2026,6,,0.0,0.0,0.0,0.0,0.0
921,191694297,도서,하나님의 마스터플랜,고성준 저,규장,2026년 06월,10,16200,18000.0,900,4155,,,2026,6,,0.0,0.0,0.0,0.0,0.0
922,192566621,도서,저가 매수의 기술,오버솔드 저,필라멘트북스,2026년 06월,10,24300,27000.0,1350,720,,,2026,6,,0.0,0.0,0.0,0.0,0.0
923,192565307,도서,YBM 실전토익 RC 1000 Vol.2,편집부 저,YBM(와이비엠),2026년 06월,10,16200,18000.0,900,300,,,2026,6,,0.0,0.0,0.0,0.0,0.0
924,192560083,만화,사장과 술과 별 1,즈리 키시 글그림,대원,2026년 06월,10,5850,6500.0,320,300,,,2026,6,,0.0,0.0,0.0,0.0,0.0
925,192559946,만화,겁쟁이 페달 94,와타나베 와타루 글그림,대원,2026년 06월,10,4950,5500.0,270,300,,,2026,6,,0.0,0.0,0.0,0.0,0.0
926,192518589,도서,전설로 떠나는 월가의 영웅,"피터 린치, 존 로스차일드 저/이성민 역",국일증권경제연구소,2026년 08월,10,32400,36000.0,1800,300,,,2026,8,,0.0,0.0,0.0,0.0,0.0
927,192509680,도서,요즘 교사를 위한 AI×에듀테크 가이드 음악&미술 수업 편 with 2022 개정 교육과정,"김태선, 조민의 저",한빛미디어,2026년 06월,10,18900,21000.0,1050,480,리뷰 총점9.8 정보 더 보기/감추기 종이책 리뷰 (0건) eBook 리뷰 (0건) 종이책 한줄평 (23건) eBook 한줄평 (0건),,2026,6,9.8,0.0,0.0,23.0,0.0,23.0
928,192498358,도서,실리콘밸리에서 배운 아이 자신감 설계법,권윤정 저,심야책방,2026년 06월,10,17100,19000.0,950,1650,,,2026,6,,0.0,0.0,0.0,0.0,0.0
929,192496757,도서,2026 슬기쌤의 전산세무1급 법인세편 핵심이론 및 실무 (최신 기출문제 포함),유슬기 저,오스틴북스,2026년 07월,10,27000,30000.0,300,540,,,2026,7,,0.0,0.0,0.0,0.0,0.0
930,192492781,만화,시온 군이 말하는 대로 1 한정판,Neko Inukai 글그림/박소현 역,서울미디어코믹스(서울문화사),2026년 06월,10,22500,25000.0,1250,1080,,,2026,6,,0.0,0.0,0.0,0.0,0.0
931,192491718,도서,Go Go 카카오프렌즈 수학이 궁금해! 2,조영선 글/최우빈 그림,아울북,2026년 06월,10,15210,16900.0,840,600,,,2026,6,,0.0,0.0,0.0,0.0,0.0
932,192471687,도서,2027 에센스 노동법 2,전시춘 편저,청출어람,2026년 06월,0,33000,33000.0,0,420,,,2026,6,,0.0,0.0,0.0,0.0,0.0
933,192321559,도서,2026 김소영 지방직 면접 합격 Dream 경기·인천,김소영 편저,지금(도서출판),2026년 06월,10,28800,32000.0,320,1140,,,2026,6,,0.0,0.0,0.0,0.0,0.0
934,192163970,도서,2027 임재희 응급처치학개론 필드매뉴얼(FM),임재희 저,모두공북스,2026년 06월,10,41400,46000.0,460,1320,,,2026,6,,0.0,0.0,0.0,0.0,0.0
935,192154002,도서,10대를 위한 꽉 변호사의 법률교실,김효겸 저,교보문고,2026년 06월,10,13950,15500.0,770,1860,,,2026,6,,0.0,0.0,0.0,0.0,0.0
936,192146915,도서,털실타래 Vol.16 : 2026년 여름호,일본보그사 편,한스미디어,2026년 06월,10,21600,24000.0,1200,8460,,,2026,6,,0.0,0.0,0.0,0.0,0.0
937,192126195,도서,책 산책시키는 사람,쩜(신시연) 저,세미콜론,2026년 06월,10,16200,18000.0,900,780,,,2026,6,,0.0,0.0,0.0,0.0,0.0
938,192115929,만화,그리게 된 이상 6 한정판,타카하타 큐 원저/카바 유지 그림,조은세상,2026년 06월,10,11700,13000.0,650,4902,,,2026,6,,0.0,0.0,0.0,0.0,0.0
939,192110906,도서,프린세스 캐치! 티니핑 마음을 가꾸는 동화 8 : 이클립스핑의 진실,SAMG 원저,아이휴먼,2026년 06월,10,14400,16000.0,800,1302,,,2026,6,,0.0,0.0,0.0,0.0,0.0
940,192109214,도서,미래 헌책방,강효미 글/불곰 그림,다른어린이,2026년 06월,10,13500,15000.0,750,1962,리뷰 총점10.0 정보 더 보기/감추기 종이책 리뷰 (10건) eBook 리뷰 (0건) 종이책 한줄평 (0건) eBook 한줄평 (0건),,2026,6,10.0,10.0,0.0,0.0,0.0,10.0
941,192089704,도서,2027 에듀윌 KBS한국어능력시험 한권끝장+무료특강,"송주연, 김지학, 황혜림 저",에듀윌,2026년 06월,10,31500,35000.0,1750,720,리뷰 총점10.0 정보 더 보기/감추기 종이책 리뷰 (0건) eBook 리뷰 (0건) 종이책 한줄평 (1건) eBook 한줄평 (0건),,2026,6,10.0,0.0,0.0,1.0,0.0,1.0
942,191890035,도서,소맥거핀 일상 만화 6,소맥거핀 원저/이종혁 글/샌드박스 네트워크 감수,위즈덤하우스,2026년 06월,10,12600,14000.0,700,3870,리뷰 총점10.0 정보 더 보기/감추기 종이책 리뷰 (3건) eBook 리뷰 (0건) 종이책 한줄평 (0건) eBook 한줄평 (0건),,2026,6,10.0,3.0,0.0,0.0,0.0,3.0
943,191889456,도서,책과 열쇠의 계절,요네자와 호노부 저/김선영 역,엘릭시르,2026년 06월,10,18000,20000.0,1000,3102,,,2026,6,,0.0,0.0,0.0,0.0,0.0
944,191831609,만화,시노와 렌 4,치구사 미노리 글그림/박은빈 역,디앤씨미디어(D&C미디어),2026년 06월,10,10800,12000.0,600,3312,,,2026,6,,0.0,0.0,0.0,0.0,0.0
945,191817242,도서,설민석의 세계사 대모험 29,"김정욱, 설민석 글/박성일 그림/문지희 감수",단꿈아이,2026년 06월,10,13500,15000.0,750,9834,리뷰 총점9.9 정보 더 보기/감추기 종이책 리뷰 (23건) eBook 리뷰 (0건) 종이책 한줄평 (80건) eBook 한줄평 (0건),,2026,6,9.9,23.0,0.0,80.0,0.0,103.0
946,191713731,도서,2027 사경인 프레임회계학 재무회계 기본서,사경인 저,좋은땅,2026년 06월,10,44100,49000.0,2450,2850,,,2026,6,,0.0,0.0,0.0,0.0,0.0
947,191700749,도서,중국 AI 미래 지도,임선영 저/정진호 그림,책만,2026년 06월,10,24300,27000.0,1350,2568,리뷰 총점10.0 정보 더 보기/감추기 종이책 리뷰 (1건) eBook 리뷰 (0건) 종이책 한줄평 (0건) eBook 한줄평 (0건),,2026,6,10.0,1.0,0.0,0.0,0.0,1.0
948,191698392,도서,열람 엄금,치넨 미키토 저/김은모 역,북다,2026년 06월,10,15750,17500.0,870,5274,리뷰 총점9.8 정보 더 보기/감추기 종이책 리뷰 (15건) eBook 리뷰 (0건) 종이책 한줄평 (2건) eBook 한줄평 (0건),,2026,6,9.8,15.0,0.0,2.0,0.0,17.0
949,191535435,만화,Veil 7,코테리 글그림/정우주 역,소미미디어,2026년 06월,10,11520,12800.0,640,1791,,,2026,6,,0.0,0.0,0.0,0.0,0.0
950,191532491,도서,1% 카피라이터의 기록법,아라키 슌야 저/신찬 역,현대지성,2026년 06월,10,12510,13900.0,690,6918,리뷰 총점10.0 정보 더 보기/감추기 종이책 리뷰 (5건) eBook 리뷰 (0건) 종이책 한줄평 (0건) eBook 한줄평 (0건),,2026,6,10.0,5.0,0.0,0.0,0.0,5.0
951,191532245,도서,마음을 키우는 하루 10분 말 습관,고명아 저,지식공감,2026년 06월,10,15300,17000.0,850,1710,리뷰 총점10.0 정보 더 보기/감추기 종이책 리뷰 (0건) eBook 리뷰 (0건) 종이책 한줄평 (2건) eBook 한줄평 (0건),,2026,6,10.0,0.0,0.0,2.0,0.0,2.0
952,191531984,도서,마녀와 용병 5,초호키테키 카에루 저/카나세 벤치 그림/정대식 역,소미미디어,2026년 06월,10,9000,10000.0,500,2274,리뷰 총점10.0 정보 더 보기/감추기 종이책 리뷰 (0건) eBook 리뷰 (0건) 종이책 한줄평 (1건) eBook 한줄평 (0건),,2026,6,10.0,0.0,0.0,1.0,0.0,1.0
953,191530275,도서,수상한 이웃집 시노다 9,도미야스 요코 글/오바 켄야 그림/송지현 역,다산어린이,2026년 06월,10,12600,14000.0,700,3132,,,2026,6,,0.0,0.0,0.0,0.0,0.0
954,191506324,도서,AI 에이전트 실행 세계 1 : 원리편,조쉬 저,로드북,2026년 06월,10,27000,30000.0,1500,1866,,,2026,6,,0.0,0.0,0.0,0.0,0.0
955,191481989,도서,싫어하는 사람을 사라지게 하는 방법,호리 모토코 저,딥앤와이드,2026년 06월,10,15480,17200.0,860,3747,리뷰 총점10.0 정보 더 보기/감추기 종이책 리뷰 (4건) eBook 리뷰 (0건) 종이책 한줄평 (1건) eBook 한줄평 (0건),,2026,6,10.0,4.0,0.0,1.0,0.0,5.0
956,191481518,도서,일본어 명카피 핸드북 2,정규영 저/후지이 와카나 감수,길벗이지톡,2026년 07월,10,16200,18000.0,900,2607,리뷰 총점10.0 정보 더 보기/감추기 종이책 리뷰 (4건) eBook 리뷰 (0건) 종이책 한줄평 (2건) eBook 한줄평 (1건),,2026,7,10.0,4.0,0.0,2.0,1.0,7.0
957,191322435,도서,소설 보다 : 여름 2026,"구소현, 남궁지혜, 박민경 저",문학과지성사,2026년 06월,10,4950,5500.0,270,8739,리뷰 총점10.0 정보 더 보기/감추기 종이책 리뷰 (1건) eBook 리뷰 (0건) 종이책 한줄평 (2건) eBook 한줄평 (0건),,2026,6,10.0,1.0,0.0,2.0,0.0,3.0
958,191321374,도서,춤추는 단백질,"샤히르 S. 리즈크, 매기 M. 핑크 저/홍지연 역",흐름출판,2026년 06월,10,20700,23000.0,1150,3240,리뷰 총점9.9 정보 더 보기/감추기 종이책 리뷰 (18건) eBook 리뷰 (0건) 종이책 한줄평 (0건) eBook 한줄평 (0건),,2026,6,9.9,18.0,0.0,0.0,0.0,18.0
959,191221474,도서,2027 신광은 형사법 형사소송법(수사·증거) 기출 OX 선택형,신광은 편저,느루,2026년 06월,5,23750,25000.0,750,10014,리뷰 총점10.0 정보 더 보기/감추기 종이책 리뷰 (0건) eBook 리뷰 (0건) 종이책 한줄평 (3건) eBook 한줄평 (0건),,2026,6,10.0,0.0,0.0,3.0,0.0,3.0
960,191200680,만화,김전일 아빠의 사건부 3,아마기 세이마루 글/사토 후미야 그림/오경화 역,서울미디어코믹스(서울문화사),2026년 06월,10,6300,7000.0,350,8706,리뷰 총점10.0 정보 더 보기/감추기 종이책 리뷰 (3건) eBook 리뷰 (0건) 종이책 한줄평 (6건) eBook 한줄평 (0건),,2026,6,10.0,3.0,0.0,6.0,0.0,9.0
961,190872687,도서,회복하는 뇌,헤더 샌디슨 저/진영인 역,더퀘스트,2026년 06월,10,19800,22000.0,1100,6837,리뷰 총점10.0 정보 더 보기/감추기 종이책 리뷰 (55건) eBook 리뷰 (0건) 종이책 한줄평 (2건) eBook 한줄평 (0건),,2026,6,10.0,55.0,0.0,2.0,0.0,57.0
962,190855945,도서,하나님의 눈물,서진교 저,규장,2026년 06월,10,15300,17000.0,850,2331,,,2026,6,,0.0,0.0,0.0,0.0,0.0
963,190822677,도서,반드시 돈이 되는 조선주 투자의 법칙,엄경아 저,21세기북스,2026년 06월,10,19800,22000.0,1100,24384,리뷰 총점9.2 정보 더 보기/감추기 종이책 리뷰 (9건) eBook 리뷰 (0건) 종이책 한줄평 (4건) eBook 한줄평 (0건),,2026,6,9.2,9.0,0.0,4.0,0.0,13.0
964,190822661,도서,2026 하반기 시대에듀 All-New 하나은행 온라인 필기전형 봉투모의고사 5회분,SDC 편저,시대고시기획 시대교육,2026년 06월,10,18000,20000.0,1000,630,리뷰 총점10.0 정보 더 보기/감추기 종이책 리뷰 (4건) eBook 리뷰 (0건) 종이책 한줄평 (0건) eBook 한줄평 (0건),,2026,6,10.0,4.0,0.0,0.0,0.0,4.0
965,190819712,도서,이성애의 비극,제인 워드 저/노지양 역,라우더북스,2026년 06월,10,18900,21000.0,1050,972,,,2026,6,,0.0,0.0,0.0,0.0,0.0
966,190427888,도서,영어로 문장 만들기 훈련 : 일상 표현 편,"케빈 강, 케쌤 저",사람in,2026년 06월,10,20700,23000.0,1150,11826,리뷰 총점9.9 정보 더 보기/감추기 종이책 리뷰 (6건) eBook 리뷰 (1건) 종이책 한줄평 (14건) eBook 한줄평 (1건),,2026,6,9.9,6.0,1.0,14.0,1.0,22.0
967,190375548,도서,너를 미워했던 여름,이로아 저,래빗홀,2026년 05월,10,13500,15000.0,750,3501,리뷰 총점9.7 정보 더 보기/감추기 종이책 리뷰 (29건) eBook 리뷰 (0건) 종이책 한줄평 (2건) eBook 한줄평 (0건),,2026,5,9.7,29.0,0.0,2.0,0.0,31.0
968,190249327,도서,안 뺏겨! 개인정보,이규희 글/이지미 그림,올리,2026년 05월,10,11700,13000.0,650,5349,리뷰 총점10.0 정보 더 보기/감추기 종이책 리뷰 (26건) eBook 리뷰 (0건) 종이책 한줄평 (1건) eBook 한줄평 (0건),,2026,5,10.0,26.0,0.0,1.0,0.0,27.0
969,190230923,도서,맨손으로 바람을 움켜쥐다,원철 저,담앤북스,2026년 05월,10,17100,19000.0,950,690,리뷰 총점10.0 정보 더 보기/감추기 종이책 리뷰 (1건) eBook 리뷰 (0건) 종이책 한줄평 (0건) eBook 한줄평 (0건),,2026,5,10.0,1.0,0.0,0.0,0.0,1.0
970,190210702,도서,영어회화 X 원리 도감,이정훈 저,길벗이지톡,2026년 07월,10,16200,18000.0,900,5556,리뷰 총점9.6 정보 더 보기/감추기 종이책 리뷰 (4건) eBook 리뷰 (1건) 종이책 한줄평 (0건) eBook 한줄평 (0건),,2026,7,9.6,4.0,1.0,0.0,0.0,5.0
971,189825865,도서,사피엔스 : 그래픽 히스토리 Vol.4 혁명의 시대,유발 하라리 저/다니엘 카사나브 그림/다비드 반데르묄렝 편/김명주 역,김영사,2026년 05월,10,17820,19800.0,990,6684,리뷰 총점10.0 정보 더 보기/감추기 종이책 리뷰 (1건) eBook 리뷰 (0건) 종이책 한줄평 (2건) eBook 한줄평 (0건),,2026,5,10.0,1.0,0.0,2.0,0.0,3.0
972,189763681,도서,AI시대에 인문학은 무엇인가,김형석 저,위더북,2026년 05월,10,13500,15000.0,750,4737,리뷰 총점10.0 정보 더 보기/감추기 종이책 리뷰 (2건) eBook 리뷰 (0건) 종이책 한줄평 (0건) eBook 한줄평 (0건),,2026,5,10.0,2.0,0.0,0.0,0.0,2.0
973,189760960,도서,당신을 기다리고 있어,김보영 저,래빗홀,2026년 05월,10,17100,19000.0,950,11646,리뷰 총점9.8 정보 더 보기/감추기 종이책 리뷰 (6건) eBook 리뷰 (0건) 종이책 한줄평 (6건) eBook 한줄평 (0건),,2026,5,9.8,6.0,0.0,6.0,0.0,12.0
974,189746587,도서,애니캔 2,은경 글/유시연 그림,별숲,2026년 06월,10,12600,14000.0,700,3678,리뷰 총점10.0 정보 더 보기/감추기 종이책 리뷰 (2건) eBook 리뷰 (0건) 종이책 한줄평 (3건) eBook 한줄평 (0건),,2026,6,10.0,2.0,0.0,3.0,0.0,5.0
975,189630591,도서,원소 원정대: 118개 캐릭터로 마스터하는 주기율표 공략집,아게도리도리 글그림/박재현 역/장홍제 감수,윌북주니어,2026년 05월,10,17820,19800.0,990,26085,리뷰 총점9.8 정보 더 보기/감추기 종이책 리뷰 (20건) eBook 리뷰 (0건) 종이책 한줄평 (2건) eBook 한줄평 (0건),,2026,5,9.8,20.0,0.0,2.0,0.0,22.0
976,189629636,도서,2026 오직 간호대생을 위한 간호사 면접,"주선희, 간호사취업연구소 저",홍지문,2026년 05월,10,25650,28500.0,1420,13044,리뷰 총점10.0 정보 더 보기/감추기 종이책 리뷰 (0건) eBook 리뷰 (0건) 종이책 한줄평 (8건) eBook 한줄평 (0건),,2026,5,10.0,0.0,0.0,8.0,0.0,8.0
977,189628254,도서,만희네 꽃밭,권윤덕 글그림,길벗어린이,2026년 06월,10,15300,17000.0,850,4434,리뷰 총점10.0 정보 더 보기/감추기 종이책 리뷰 (6건) eBook 리뷰 (0건) 종이책 한줄평 (1건) eBook 한줄평 (0건),,2026,6,10.0,6.0,0.0,1.0,0.0,7.0
978,189627438,도서,주도주 사이클 절대 법칙,한규범 저,부키,2026년 05월,10,19800,22000.0,1100,19782,리뷰 총점9.9 정보 더 보기/감추기 종이책 리뷰 (23건) eBook 리뷰 (0건) 종이책 한줄평 (11건) eBook 한줄평 (1건),,2026,5,9.9,23.0,0.0,11.0,1.0,35.0
979,189606164,도서,이름 없는 감정들의 사전,이아코포 멜리오 저/최보민 역,서교책방,2026년 05월,10,16200,18000.0,900,6468,리뷰 총점9.9 정보 더 보기/감추기 종이책 리뷰 (54건) eBook 리뷰 (0건) 종이책 한줄평 (9건) eBook 한줄평 (0건),,2026,5,9.9,54.0,0.0,9.0,0.0,63.0
980,189591763,도서,수연이네 사남매 이유식,유수연 저/김미리 감수,레시피팩토리(단행),2026년 05월,10,26820,29800.0,1490,14532,리뷰 총점10.0 정보 더 보기/감추기 종이책 리뷰 (20건) eBook 리뷰 (0건) 종이책 한줄평 (1건) eBook 한줄평 (0건),,2026,5,10.0,20.0,0.0,1.0,0.0,21.0
981,189531001,도서,일 잘하는 직장인의 AI 활용법,"김덕중, 김민정, 김인선 저",디지털북스,2026년 05월,10,19800,22000.0,1100,7818,리뷰 총점10.0 정보 더 보기/감추기 종이책 리뷰 (3건) eBook 리뷰 (0건) 종이책 한줄평 (0건) eBook 한줄평 (0건),,2026,5,10.0,3.0,0.0,0.0,0.0,3.0
982,189520899,도서,체호프 희곡선,안톤 파블로비치 체호프 저/김혜란 역,민음사,2026년 05월,10,15300,17000.0,850,8220,리뷰 총점10.0 정보 더 보기/감추기 종이책 리뷰 (1건) eBook 리뷰 (0건) 종이책 한줄평 (2건) eBook 한줄평 (0건),,2026,5,10.0,1.0,0.0,2.0,0.0,3.0
983,189444890,도서,의약품 살인사건,백승만 저,해나무,2026년 05월,10,17100,19000.0,950,18669,리뷰 총점9.8 정보 더 보기/감추기 종이책 리뷰 (55건) eBook 리뷰 (0건) 종이책 한줄평 (4건) eBook 한줄평 (1건),,2026,5,9.8,55.0,0.0,4.0,1.0,60.0
984,189386018,도서,풀꽃선생님의 뻔한 표현 탈출 사전,김수은 글/신단고 그림,다산어린이,2026년 05월,10,15120,16800.0,840,36369,리뷰 총점10.0 정보 더 보기/감추기 종이책 리뷰 (19건) eBook 리뷰 (0건) 종이책 한줄평 (1건) eBook 한줄평 (0건),,2026,5,10.0,19.0,0.0,1.0,0.0,20.0
985,189365176,도서,2026 TEPS 서울대 텝스관리위원회 공식 기출문제집 5회분,서울대학교 TEPS관리위원회 저/시원스쿨어학연구소 편,시원스쿨닷컴,2026년 05월,10,19800,22000.0,1100,6882,리뷰 총점9.9 정보 더 보기/감추기 종이책 리뷰 (15건) eBook 리뷰 (0건) 종이책 한줄평 (1건) eBook 한줄평 (0건),,2026,5,9.9,15.0,0.0,1.0,0.0,16.0
986,189364868,도서,죽은나무숲의 죽다 만 여우,오브리 하트먼 글/마르친 미노르 그림/황세림 역,위즈덤하우스,2026년 05월,10,17550,19500.0,970,24678,리뷰 총점10.0 정보 더 보기/감추기 종이책 리뷰 (37건) eBook 리뷰 (0건) 종이책 한줄평 (12건) eBook 한줄평 (0건),,2026,5,10.0,37.0,0.0,12.0,0.0,49.0
987,189210961,도서,NEW 다이나믹 일본어 STEP 1,"오현정, 아이자와 유카, 박행자, 박준효, 이나가와 유우키 저",다락원,2026년 03월,10,15120,16800.0,840,1581,,,2026,3,,0.0,0.0,0.0,0.0,0.0
988,189192535,도서,스와이프 엄금,치넨 미키토 저/김은모 역,북다,2026년 05월,10,7650,8500.0,420,5106,리뷰 총점9.5 정보 더 보기/감추기 종이책 리뷰 (26건) eBook 리뷰 (0건) 종이책 한줄평 (16건) eBook 한줄평 (1건),,2026,5,9.5,26.0,0.0,16.0,1.0,43.0
989,189188832,도서,할아버지의 한 달,도현순 글/고정순 그림,곰세마리,2026년 05월,10,15300,17000.0,850,11469,리뷰 총점10.0 정보 더 보기/감추기 종이책 리뷰 (5건) eBook 리뷰 (0건) 종이책 한줄평 (5건) eBook 한줄평 (0건),,2026,5,10.0,5.0,0.0,5.0,0.0,10.0
990,189186646,만화,체인소 맨 23,후지모토 타츠키 글그림,학산문화사,2026년 05월,10,5400,6000.0,300,27606,리뷰 총점9.5 정보 더 보기/감추기 종이책 리뷰 (17건) eBook 리뷰 (0건) 종이책 한줄평 (22건) eBook 한줄평 (0건),,2026,5,9.5,17.0,0.0,22.0,0.0,39.0
991,188833063,도서,도스토옙스키 번역 일기,김정아 저,샘터,2026년 05월,10,25200,28000.0,1400,13113,리뷰 총점9.4 정보 더 보기/감추기 종이책 리뷰 (28건) eBook 리뷰 (0건) 종이책 한줄평 (3건) eBook 한줄평 (0건),,2026,5,9.4,28.0,0.0,3.0,0.0,31.0
992,188604017,도서,수평선 너머,벤자민 마이어스 저/최리외 역,다산책방,2026년 05월,10,16650,18500.0,920,22866,리뷰 총점9.8 정보 더 보기/감추기 종이책 리뷰 (78건) eBook 리뷰 (1건) 종이책 한줄평 (25건) eBook 한줄평 (0건),,2026,5,9.8,78.0,1.0,25.0,0.0,104.0
993,188148556,도서,오후의 마지막 잔디,무라카미 하루키 저/안자이 미즈마루 그림/양윤옥 역,문학동네,2026년 04월,10,13500,15000.0,750,24804,리뷰 총점9.3 정보 더 보기/감추기 종이책 리뷰 (11건) eBook 리뷰 (0건) 종이책 한줄평 (10건) eBook 한줄평 (1건),,2026,4,9.3,11.0,0.0,10.0,1.0,22.0
994,188135677,도서,불량한 자전거 여행 5,김남중 글/오승민 그림,창비,2026년 04월,10,12420,13800.0,690,13941,리뷰 총점10.0 정보 더 보기/감추기 종이책 리뷰 (2건) eBook 리뷰 (0건) 종이책 한줄평 (0건) eBook 한줄평 (0건),,2026,4,10.0,2.0,0.0,0.0,0.0,2.0
995,188105563,도서,어둠의 색조 2,크리스 휘타커 저/김해온 역,위즈덤하우스,2026년 04월,10,16200,18000.0,900,9906,리뷰 총점10.0 정보 더 보기/감추기 종이책 리뷰 (4건) eBook 리뷰 (0건) 종이책 한줄평 (3건) eBook 한줄평 (0건),,2026,4,10.0,4.0,0.0,3.0,0.0,7.0
996,188105167,도서,어둠의 색조 1,크리스 휘타커 저/김해온 역,위즈덤하우스,2026년 04월,10,17100,19000.0,950,11970,리뷰 총점10.0 정보 더 보기/감추기 종이책 리뷰 (15건) eBook 리뷰 (0건) 종이책 한줄평 (7건) eBook 한줄평 (0건),,2026,4,10.0,15.0,0.0,7.0,0.0,22.0
997,187096643,도서,2027 LEET 대비 파이널 엄선 모의고사 언어이해 3회분,시대인재 LEET 콘텐츠 연구소 저,하이컨시북스,2026년 04월,5,26600,28000.0,840,11016,리뷰 총점10.0 정보 더 보기/감추기 종이책 리뷰 (0건) eBook 리뷰 (0건) 종이책 한줄평 (4건) eBook 한줄평 (0건),,2026,4,10.0,0.0,0.0,4.0,0.0,4.0
998,186846174,도서,야마다 군과 Lv999의 사랑을 하다 7,마시로 글그림/송재희 역,디앤씨미디어(D&C미디어),2026년 04월,10,7200,8000.0,400,17328,리뷰 총점10.0 정보 더 보기/감추기 종이책 리뷰 (26건) eBook 리뷰 (0건) 종이책 한줄평 (42건) eBook 한줄평 (0건),,2026,4,10.0,26.0,0.0,42.0,0.0,68.0
999,186464136,도서,100년 쓰는 몸을 만드는 걷기와 달리기,김병곤 저,웨일북,2026년 04월,10,18000,20000.0,1000,5865,리뷰 총점9.8 정보 더 보기/감추기 종이책 리뷰 (18건) eBook 리뷰 (0건) 종이책 한줄평 (1건) eBook 한줄평 (0건),,2026,4,9.8,18.0,0.0,1.0,0.0,19.0
1000,186142167,도서,2027 김중근 형사법 컴팩트 기출문제집 PLUS 2 형법 각론,"김중근, 박병호 저",경찰단기김폴카,2026년 04월,10,28800,32000.0,320,6924,,,2026,4,,0.0,0.0,0.0,0.0,0.0
